strategy_id,strategy_name,symbol,signal_date,score,entry_type,signal_open,signal_high,signal_low,signal_close,strategy_family,entry_variant,mcst_mode,base_start_date,base_end_date,first_breakout_date,handle_low_date,handle_prep_date,throwback_hold_date,second_breakout_date,base_length_days,base_width_pct,base_drift_pct,breakout_leg_pct,washout_count,base_dryup_count,base_dryup_tail_count,first_breakout_ratio_pct,first_breakout_vol_ratio,handle_length_days,handle_depth_pct,handle_bottom_dryup_flag,handle_volume_contraction_ratio,handle_range_contraction_ratio,handle_volume_contract_share,handle_range_contract_share,rim_approach_distance_pct,pullback_depth_pct,pullback_stability,pullback_vol_ratio_vs_breakout,throwback_reclaim_ratio,throwback_close_strength,throwback_day_pct,second_breakout_vol_ratio,second_breakout_day_pct,mcst_value_first,mcst_value_signal,mcst_distance_first_pct,mcst_distance_signal_pct,mcst_distance_second_pct,mcst_slope_first_pct,mcst_slope_signal_pct,mcst_slope_second_pct,rs_rating_120,ret_120d_pct,close_vs_ma120_pct,rsi14,name
cup_v3_handle_prep,杯柄 V3 柄底预备,000030.SZ,2023-09-11,0.62576,bottom_staging_handle_prep,10.110982,10.373605,9.904635,10.373605,cup_v3_bottom_staging,handle_prep,rolling_1m,2023-03-06,2023-08-28,2023-08-29,2023-09-08,2023-09-11,2023-09-11,2023-09-11,120,21.364891,12.737475,21.971379,3,29,9,0.499722,1.824824,8,2.840909,False,0.624984,0.952161,1.0,0.571429,0.0,2.840909,0.642432,0.568386,1.666667,1.0,4.143126,1.335768,4.143126,9.986864,10.003836,1.994147,3.696265,3.696265,-0.901323,0.164793,0.164793,91.0,23.400061,12.512568,59.738746,富奥股份
cup_v3_handle_prep,杯柄 V3 柄底预备,000338.SZ,2024-02-05,0.583239,bottom_staging_handle_prep,194.42632,200.075193,191.536199,198.367394,cup_v3_bottom_staging,handle_prep,rolling_1m,2023-07-31,2024-01-23,2024-01-24,2024-02-02,2024-02-05,2024-02-05,2024-02-05,120,23.05874,16.25699,24.148204,3,34,9,0.88532,1.552924,7,0.823045,False,1.006705,1.633084,0.666667,0.333333,0.0,0.823045,0.65987,0.650871,4.333333,0.729167,0.935829,1.62975,0.935829,186.998242,192.579275,3.269757,3.005577,3.005577,1.13908,1.696593,1.696593,97.0,21.580775,12.460469,61.621847,潍柴动力
cup_v3_handle_prep,杯柄 V3 柄底预备,000404.SZ,2022-04-12,0.616196,bottom_staging_handle_prep,5.474687,5.756041,5.416072,5.744318,cup_v3_bottom_staging,handle_prep,rolling_1m,2021-09-23,2022-03-24,2022-03-25,2022-03-29,2022-04-12,2022-04-12,2022-03-31,120,15.295567,11.957426,17.487685,3,25,6,1.901303,2.054181,9,3.246753,True,0.858717,0.885506,1.0,1.0,0.0,3.246753,0.495748,0.595927,1.866667,0.964286,3.157895,2.215612,5.75693,5.324318,5.473112,5.025995,4.95525,7.788017,0.212095,1.211052,1.693842,87.0,21.588089,9.107103,59.360391,长虹华意
cup_v3_handle_prep,杯柄 V3 柄底预备,000429.SZ,2022-05-27,0.567519,bottom_staging_handle_prep,12.275941,12.320635,11.709818,12.320635,cup_v3_bottom_staging,handle_prep,rolling_1m,2021-11-11,2022-05-12,2022-05-13,2022-05-19,2022-05-27,2022-05-27,2022-05-30,120,12.761743,12.699014,14.601019,4,40,14,1.631117,1.258392,9,3.053435,False,1.41807,1.696888,0.333333,0.333333,0.0,3.053435,0.598538,0.632496,1.708333,1.0,0.976801,1.344519,1.330109,11.841383,11.889667,1.908448,3.624726,4.534319,-0.143818,0.127154,0.501147,90.0,17.806268,8.718039,60.228824,粤高速Ａ
cup_v3_handle_prep,杯柄 V3 柄底预备,000429.SZ,2023-01-20,0.625393,bottom_staging_handle_prep,12.335533,12.41553,12.175539,12.399531,cup_v3_bottom_staging,handle_prep,rolling_1m,2022-07-07,2022-12-29,2022-12-30,2023-01-12,2023-01-20,2023-01-20,,120,5.385675,2.495305,7.713499,4,43,13,2.208862,1.926839,13,2.759527,True,0.766039,0.652597,0.571429,0.714286,2.451613,2.759527,0.740748,0.36445,0.666667,0.888889,0.780234,,,12.343847,12.356864,1.358408,0.345291,,0.760041,0.092218,,71.0,5.874317,4.279964,56.231621,粤高速Ａ
cup_v3_handle_prep,杯柄 V3 柄底预备,000686.SZ,2026-01-09,0.622598,bottom_staging_handle_prep,24.156159,24.864402,23.574388,24.484986,cup_v3_bottom_staging,handle_prep,rolling_1m,2025-07-02,2025-12-24,2025-12-25,2025-12-31,2026-01-09,2026-01-09,2026-01-06,120,15.795229,17.784219,17.325019,5,42,16,1.321117,1.667588,8,2.038627,False,0.740459,1.062366,0.666667,0.333333,0.0,2.038627,0.691951,0.487479,1.894737,0.605263,1.573977,2.346918,6.057386,23.581979,23.958037,2.005777,2.199469,5.620941,-0.636928,1.019432,1.11399,63.0,21.274395,9.462269,55.79249,东北证券
cup_v3_handle_prep,杯柄 V3 柄底预备,000726.SZ,2022-06-28,0.582808,bottom_staging_handle_prep,10.624924,10.849079,10.251333,10.77436,cup_v3_bottom_staging,handle_prep,rolling_1m,2021-12-08,2022-06-09,2022-06-10,2022-06-23,2022-06-28,2022-06-28,2022-07-05,120,16.336794,15.945182,17.942894,3,41,14,1.380561,1.611753,11,4.939142,False,1.098869,1.691276,0.5,0.375,0.66904,4.939142,0.470057,0.734881,1.032981,0.782609,2.269504,2.134126,3.825137,10.584334,10.622517,1.637583,1.429453,5.4912,0.478555,0.083061,1.350567,87.0,15.759703,7.170844,54.657944,鲁泰Ａ
cup_v3_handle_prep,杯柄 V3 柄底预备,000766.SZ,2025-04-29,0.614521,bottom_staging_handle_prep,17.8,18.36,17.53,18.17,cup_v3_bottom_staging,handle_prep,rolling_1m,2024-10-15,2025-04-10,2025-04-11,2025-04-18,2025-04-29,2025-04-29,2025-05-13,120,21.717452,14.714002,22.922438,3,42,8,0.989986,1.403449,11,1.254991,True,0.499406,0.590941,0.75,0.75,0.0,1.254991,0.454131,0.789483,2.909091,0.728571,1.849776,1.735645,4.088219,17.484543,17.763387,1.51824,2.28905,7.08671,-1.264008,0.124703,2.042724,82.0,18.448501,13.158195,55.182794,通化金马
cup_v3_handle_prep,杯柄 V3 柄底预备,000848.SZ,2023-03-01,0.61594,bottom_staging_handle_prep,69.766775,70.535131,68.691076,70.535131,cup_v3_bottom_staging,handle_prep,rolling_1m,2022-08-11,2023-02-10,2023-02-13,2023-02-20,2023-03-01,2023-03-01,,120,11.109727,7.515054,13.339146,3,41,13,2.006502,1.475269,11,1.789709,False,0.784547,1.17031,1.0,0.75,0.0,1.789709,0.615889,0.789499,1.5,1.0,0.990099,,,69.613798,69.609265,0.440499,1.33009,,0.976744,0.318036,,65.0,9.155767,8.243016,56.950525,承德露露
cup_v3_handle_prep,杯柄 V3 柄底预备,000902.SZ,2025-06-30,0.615449,bottom_staging_handle_prep,32.607707,33.158351,31.98524,33.110469,cup_v3_bottom_staging,handle_prep,rolling_1m,2024-12-10,2025-06-11,2025-06-12,2025-06-27,2025-06-30,2025-06-30,2025-06-30,120,14.340123,5.332339,15.649282,3,39,17,1.14497,1.473569,11,2.245509,False,1.218962,1.248481,0.7,0.6,0.0,2.245509,0.696467,0.717513,1.566667,0.945946,1.616458,1.37764,1.616458,32.121502,32.407508,1.811775,2.169131,2.169131,0.274286,0.37675,0.37675,56.0,9.120022,8.218354,57.644375,新洋丰
cup_v3_handle_prep,杯柄 V3 柄底预备,000931.SZ,2025-07-10,0.513178,bottom_staging_handle_prep,5.42,5.52,5.05,5.5,cup_v3_bottom_staging,handle_prep,rolling_1m,2024-12-26,2025-06-27,2025-06-30,2025-07-09,2025-07-10,2025-07-10,2025-07-21,120,15.69883,13.652816,19.894016,4,43,17,3.625954,1.997798,7,7.524752,False,0.60182,1.740345,0.666667,0.5,0.909091,7.524752,0.639738,0.39935,1.184211,0.8,1.102941,1.614318,2.146691,5.276349,5.339262,2.912075,3.010493,4.974009,1.107484,0.473531,1.583351,59.0,20.614035,11.315377,59.505894,中关村
cup_v3_handle_prep,杯柄 V3 柄底预备,000983.SZ,2024-01-25,0.556704,bottom_staging_handle_prep,23.822181,24.427633,23.170157,24.287913,cup_v3_bottom_staging,handle_prep,rolling_1m,2023-07-07,2023-12-29,2024-01-02,2024-01-18,2024-01-25,2024-01-25,2024-02-05,120,19.727891,12.208259,23.403747,4,43,10,3.070175,1.963232,16,3.919598,False,0.791147,1.0646,0.727273,0.545455,0.0,3.919598,0.525073,0.565829,1.230769,0.837838,2.859961,1.489862,3.127962,23.238956,24.10075,3.611942,0.776585,4.572956,1.029594,-0.081349,-0.005033,93.0,14.994487,10.028835,55.499873,山西焦煤
cup_v3_handle_prep,杯柄 V3 柄底预备,001965.SZ,2024-01-25,0.51494,bottom_staging_handle_prep,12.065926,12.324218,11.881432,12.26272,cup_v3_bottom_staging,handle_prep,rolling_1m,2023-07-07,2023-12-29,2024-01-02,2024-01-18,2024-01-25,2024-01-25,2024-01-26,120,8.912088,8.171795,10.43956,3,28,6,1.402482,2.108028,16,4.037267,False,0.9132,1.054651,0.545455,0.727273,0.902708,4.037267,0.728949,0.601503,0.794872,0.791667,1.013171,1.282538,1.905717,12.141619,12.224199,1.807814,0.315122,2.127245,0.146143,-0.209524,-0.10944,91.0,8.605664,3.337479,52.962387,招商公路
cup_v3_handle_prep,杯柄 V3 柄底预备,002028.SZ,2023-09-11,0.587471,bottom_staging_handle_prep,97.990985,100.182787,96.361681,99.290549,cup_v3_bottom_staging,handle_prep,rolling_1m,2023-03-06,2023-08-28,2023-08-29,2023-09-08,2023-09-11,2023-09-11,,120,15.556647,11.949967,16.006959,3,37,12,0.38969,2.082508,8,2.153784,False,0.838932,1.08983,0.428571,0.428571,0.996288,2.153784,0.640754,0.379546,1.411215,0.634921,1.911208,,,96.5644,97.104022,1.939331,2.251737,,0.080785,-0.088371,,88.0,18.465306,8.309359,56.92373,思源电气
cup_v3_handle_prep,杯柄 V3 柄底预备,002032.SZ,2025-06-04,0.568201,bottom_staging_handle_prep,155.349912,157.761108,153.484106,157.129605,cup_v3_bottom_staging,handle_prep,rolling_1m,2024-11-15,2025-05-16,2025-05-19,2025-06-03,2025-06-04,2025-06-04,,120,9.104174,6.523587,10.010367,3,41,15,0.830576,1.316194,10,2.075529,False,1.044052,0.930918,0.444444,0.666667,0.0,2.075529,0.614114,0.860346,1.144365,0.758242,1.220414,,,153.7579,156.247857,1.893765,0.564326,,-0.002259,0.442104,,69.0,7.820261,5.290146,53.135534,苏泊尔
cup_v3_handle_prep,杯柄 V3 柄底预备,002081.SZ,2023-02-20,0.539748,bottom_staging_handle_prep,70.91235,73.407414,70.255754,72.882138,cup_v3_bottom_staging,handle_prep,rolling_1m,2022-08-10,2023-02-09,2023-02-10,2023-02-16,2023-02-20,2023-02-20,2023-02-22,120,18.315181,8.389082,21.804846,2,32,13,2.949465,1.897001,5,2.429907,False,0.757181,0.937169,0.666667,0.333333,1.621622,2.429907,0.545383,0.541164,1.538462,0.809524,3.544776,1.18018,0.530973,70.762488,71.528229,1.696401,1.892831,3.727578,1.374915,0.785485,0.928925,74.0,10.557769,11.610135,59.598391,金螳螂
cup_v3_handle_prep,杯柄 V3 柄底预备,002152.SZ,2023-01-16,0.516792,bottom_staging_handle_prep,68.90257,70.018401,68.205176,69.530225,cup_v3_bottom_staging,handle_prep,rolling_1m,2022-07-08,2022-12-30,2023-01-03,2023-01-12,2023-01-16,2023-01-16,2023-02-01,120,14.393064,7.258539,19.075145,5,28,12,4.092976,1.900958,8,5.316973,True,0.625135,0.927059,0.833333,0.666667,3.610832,5.316973,0.622597,0.490764,0.365385,0.611111,1.321138,1.452365,2.952756,69.33981,69.240919,3.593631,0.417826,3.925167,0.128927,-0.038621,1.264789,77.0,8.842795,7.085317,52.641652,广电运通
cup_v3_handle_prep,杯柄 V3 柄底预备,002352.SZ,2023-01-13,0.570254,bottom_staging_handle_prep,212.10928,212.14434,202.222534,211.688568,cup_v3_bottom_staging,handle_prep,rolling_1m,2022-07-12,2023-01-04,2023-01-05,2023-01-12,2023-01-13,2023-01-13,2023-01-16,120,20.584174,11.994445,25.999079,4,33,12,4.490561,1.694826,5,4.403606,False,0.768391,1.007538,0.5,0.25,0.0,4.403606,0.693871,0.443349,1.062992,0.919255,3.906384,1.469085,1.175886,203.850353,205.364204,3.569905,3.079584,3.993097,1.525518,0.583404,0.671806,82.0,12.022263,16.596907,61.310539,顺丰控股
cup_v3_handle_prep,杯柄 V3 柄底预备,002443.SZ,2023-09-14,0.565811,bottom_staging_handle_prep,27.579957,27.990373,27.169541,27.990373,cup_v3_bottom_staging,handle_prep,rolling_1m,2023-03-10,2023-09-01,2023-09-04,2023-09-11,2023-09-14,2023-09-14,2023-09-28,120,7.649167,0.059399,8.607074,4,42,9,0.889842,1.802971,7,4.531722,False,0.877349,1.28111,0.5,0.5,1.466276,4.531722,0.732848,0.464123,0.666667,1.0,1.186944,1.255848,1.453488,27.501478,27.50812,3.270049,1.753131,2.58348,-1.738967,0.150819,0.962805,71.0,1.638226,2.798283,54.88915,金洲管道
cup_v3_handle_prep,杯柄 V3 柄底预备,002692.SZ,2022-06-08,0.537704,bottom_staging_handle_prep,15.208518,15.998031,15.125411,15.790265,cup_v3_bottom_staging,handle_prep,rolling_1m,2021-11-18,2022-05-19,2022-05-20,2022-06-06,2022-06-08,2022-06-08,,120,18.327974,15.656895,22.508039,4,45,17,3.532609,1.229257,11,4.67033,True,0.827117,0.79469,0.666667,0.555556,0.263158,4.67033,0.54213,0.730235,0.941176,0.736842,3.26087,,,15.229334,15.442829,3.956075,2.24982,,-2.613208,1.642498,,91.0,20.634921,9.310576,54.712743,远程股份
cup_v3_handle_prep,杯柄 V3 柄底预备,002745.SZ,2026-01-12,0.516708,bottom_staging_handle_prep,22.369919,22.96297,21.919199,22.915526,cup_v3_bottom_staging,handle_prep,rolling_1m,2025-07-01,2025-12-23,2025-12-24,2026-01-09,2026-01-12,2026-01-12,2026-01-22,120,15.475179,15.412773,19.43197,5,37,15,3.426529,1.977839,10,6.493506,False,1.312951,1.582647,0.666667,0.444444,2.898551,6.493506,0.569232,0.478509,0.7,0.92,2.765957,1.529949,1.047619,22.466115,22.471571,3.901025,1.975632,8.199883,0.818168,0.308073,2.96423,59.0,20.0,6.567625,55.693636,木林森
cup_v3_handle_prep,杯柄 V3 柄底预备,002775.SZ,2022-04-14,0.547419,bottom_staging_handle_prep,20.048475,21.554464,19.577854,20.989718,cup_v3_bottom_staging,handle_prep,rolling_1m,2021-09-17,2022-03-29,2022-03-30,2022-04-12,2022-04-14,2022-04-14,,120,20.776644,0.0,23.015873,5,52,18,1.854025,1.9815,8,4.326923,False,1.188486,1.452113,0.666667,0.666667,0.0,4.326923,0.301173,0.746765,1.666667,0.675676,4.694836,,,19.615812,20.319731,4.125041,3.297225,,0.530986,1.345262,,88.0,11.779449,14.23205,57.300924,文科股份
cup_v3_handle_prep,杯柄 V3 柄底预备,002908.SZ,2023-04-03,0.601768,bottom_staging_handle_prep,38.404048,39.690725,36.703016,39.40722,cup_v3_bottom_staging,handle_prep,rolling_1m,2022-09-14,2023-03-15,2023-03-16,2023-03-31,2023-04-03,2023-04-03,2023-04-03,120,16.242545,14.32998,16.633532,5,30,7,0.336355,1.587489,11,4.575163,False,1.374062,2.024247,0.4,0.5,0.0,4.575163,0.483572,0.667446,1.61039,0.881818,1.860203,1.36972,1.860203,37.234387,38.175315,3.082774,3.226966,3.226966,-0.201262,0.634386,0.634386,59.0,18.569554,8.190096,56.334572,德生科技
cup_v3_handle_prep,杯柄 V3 柄底预备,002966.SZ,2022-11-22,0.556967,bottom_staging_handle_prep,8.570662,8.812429,8.401424,8.703634,cup_v3_bottom_staging,handle_prep,rolling_1m,2022-05-18,2022-11-10,2022-11-11,2022-11-21,2022-11-22,2022-11-22,2022-11-25,120,18.146783,17.443946,20.978552,3,28,7,2.396823,1.481348,6,3.884892,False,0.54013,0.788445,0.6,0.4,0.555556,3.884892,0.666248,0.692115,0.925926,0.608696,1.694915,1.953702,2.751032,8.517281,8.514985,2.471798,2.21549,5.562098,0.102882,-0.241109,0.439159,76.0,21.827411,10.726644,57.812516,苏州银行
cup_v3_handle_prep,杯柄 V3 柄底预备,002966.SZ,2024-05-13,0.48303,bottom_staging_handle_prep,9.473459,9.587597,9.283229,9.524187,cup_v3_bottom_staging,handle_prep,rolling_1m,2023-10-31,2024-04-26,2024-04-29,2024-05-07,2024-05-13,2024-05-13,2024-05-16,120,15.677831,16.895222,20.893142,3,29,12,4.508479,2.191185,6,3.551913,False,1.111372,0.780581,0.5,0.5,1.731025,3.551913,0.619246,0.504567,0.730769,0.722222,0.535475,1.537034,4.084321,9.240828,9.345029,4.027047,1.917147,6.176415,0.729503,0.621898,1.260768,90.0,20.545746,9.355661,57.303474,苏州银行
cup_v3_handle_prep,杯柄 V3 柄底预备,002971.SZ,2024-01-11,0.574724,bottom_staging_handle_prep,26.81546,28.195816,26.389173,27.992823,cup_v3_bottom_staging,handle_prep,rolling_1m,2023-07-06,2023-12-28,2023-12-29,2024-01-10,2024-01-11,2024-01-11,2024-01-19,120,20.434533,0.0,22.660295,3,54,20,1.84811,1.844761,7,6.615385,False,0.795826,1.21078,0.666667,0.5,1.522843,6.615385,0.510312,0.496025,0.918605,0.859155,3.684211,1.968317,2.954048,27.014489,26.964412,4.147512,3.813957,4.818817,-1.764736,0.18476,1.285979,80.0,5.18688,10.544774,59.333784,和远气体
cup_v3_handle_prep,杯柄 V3 柄底预备,002976.SZ,2026-01-16,0.515245,bottom_staging_handle_prep,34.783961,35.325154,33.947571,35.275955,cup_v3_bottom_staging,handle_prep,rolling_1m,2025-07-07,2025-12-29,2025-12-30,2026-01-14,2026-01-16,2026-01-16,,120,12.324518,8.473099,17.73588,3,41,15,4.817614,1.266464,10,4.528986,False,0.742236,1.047417,0.75,0.5,3.76569,4.528986,0.594348,0.650907,0.864,0.931034,1.738205,,,35.26202,34.378357,0.632499,2.610939,,-0.026246,0.789493,,58.0,14.67413,9.265468,55.287063,瑞玛精密
cup_v3_handle_prep,杯柄 V3 柄底预备,300051.SZ,2022-08-29,0.546962,bottom_staging_handle_prep,38.022694,39.34249,37.079983,38.776864,cup_v3_bottom_staging,handle_prep,rolling_1m,2022-02-17,2022-08-12,2022-08-15,2022-08-22,2022-08-29,2022-08-29,2022-08-29,120,21.497976,10.218341,23.481781,4,50,19,1.632789,1.226174,9,3.389831,False,0.644641,1.477453,0.5,0.5,0.0,3.389831,0.620443,0.750206,1.35,0.742857,2.321725,1.219116,2.321725,38.166395,37.354678,0.446824,3.80725,3.80725,0.114902,-0.527763,-0.527763,83.0,15.543071,10.618081,57.237727,琏升科技
cup_v3_handle_prep,杯柄 V3 柄底预备,300099.SZ,2025-08-25,0.621753,bottom_staging_handle_prep,119.452843,120.713559,115.828285,120.39838,cup_v3_bottom_staging,handle_prep,rolling_1m,2025-02-10,2025-08-01,2025-08-04,2025-08-14,2025-08-25,2025-08-25,2025-08-18,120,20.518489,15.470599,24.093426,4,43,12,2.966298,1.829741,14,2.176871,True,0.655094,0.914032,0.714286,0.571429,0.0,2.176871,0.559782,0.620296,1.8125,0.882353,0.791557,1.182441,4.324324,114.123083,118.721703,3.703575,1.412276,3.390963,0.364469,0.894644,0.939375,60.0,23.075583,10.54361,56.704049,尤洛卡
cup_v3_handle_prep,杯柄 V3 柄底预备,300126.SZ,2023-11-13,0.656259,bottom_staging_handle_prep,27.41419,28.153013,27.141993,28.153013,cup_v3_bottom_staging,handle_prep,rolling_1m,2023-05-09,2023-11-02,2023-11-03,2023-11-10,2023-11-13,2023-11-13,2023-11-20,120,14.512734,11.136174,16.303278,4,39,21,1.563621,1.644287,5,1.432665,False,0.740766,1.371549,0.75,0.5,0.0,1.432665,0.750171,0.5828,2.6,1.0,2.404526,1.081264,2.635229,26.673092,26.589849,3.215803,5.878797,6.699416,-2.030646,-0.030375,1.423853,87.0,21.461637,10.153192,60.5413,锐奇股份
cup_v3_handle_prep,杯柄 V3 柄底预备,300210.SZ,2023-09-18,0.627692,bottom_staging_handle_prep,19.962749,20.978817,19.783443,20.739742,cup_v3_bottom_staging,handle_prep,rolling_1m,2023-03-06,2023-08-28,2023-08-29,2023-09-06,2023-09-18,2023-09-18,2023-09-20,120,14.482759,3.5299,19.310345,5,32,17,4.216867,1.474702,13,3.592814,True,0.587227,0.647035,0.6,0.6,0.0,3.592814,0.4643,0.901252,1.083333,0.8,4.204204,2.044139,-2.459016,19.952867,20.351044,3.644117,1.909967,2.972772,0.378985,0.296721,1.939696,79.0,6.769231,10.679921,56.196352,森远股份
cup_v3_handle_prep,杯柄 V3 柄底预备,300242.SZ,2023-01-18,0.625468,bottom_staging_handle_prep,17.213571,17.625872,17.007421,17.625872,cup_v3_bottom_staging,handle_prep,rolling_1m,2022-07-07,2022-12-29,2022-12-30,2023-01-12,2023-01-18,2023-01-18,2023-02-02,120,14.749061,2.110595,16.080574,5,27,8,1.160369,2.071688,11,3.030303,False,0.613977,0.666589,0.714286,0.428571,0.0,3.030303,0.442816,0.587018,1.2,1.0,3.323263,1.82771,-2.368421,16.868974,17.219544,3.875891,2.359691,6.991391,0.293282,0.464167,3.503807,69.0,5.555556,6.797127,57.692458,佳云科技
cup_v3_handle_prep,杯柄 V3 柄底预备,300283.SZ,2023-09-18,0.65841,bottom_staging_handle_prep,38.48346,39.609805,38.170587,39.234357,cup_v3_bottom_staging,handle_prep,rolling_1m,2023-03-06,2023-08-28,2023-08-29,2023-09-14,2023-09-18,2023-09-18,,120,15.080732,4.88914,18.079886,4,33,17,2.60613,1.59642,13,2.622951,False,0.851613,1.005662,0.727273,0.636364,0.0,2.622951,0.569386,0.596652,1.0625,0.73913,1.95122,,,37.65545,39.205129,4.026859,0.074552,,0.153709,1.306926,,80.0,7.370048,7.934857,52.329941,温州宏丰
cup_v3_handle_prep,杯柄 V3 柄底预备,300473.SZ,2023-11-06,0.566618,bottom_staging_handle_prep,19.955592,20.304577,19.247047,20.262276,cup_v3_bottom_staging,handle_prep,rolling_1m,2023-04-25,2023-10-24,2023-10-25,2023-11-01,2023-11-06,2023-11-06,2023-11-07,120,16.477631,15.216289,17.202268,3,39,6,0.622126,1.281052,7,2.197802,True,0.634703,0.923959,1.0,0.5,0.0,2.197802,0.543748,0.854115,2.4,0.897436,1.698514,1.502573,2.139875,19.271888,19.600697,2.066073,3.375285,5.409755,0.222956,0.847653,0.888606,85.0,19.451372,8.846629,58.41579,德尔股份
cup_v3_handle_prep,杯柄 V3 柄底预备,300478.SZ,2023-09-18,0.631854,bottom_staging_handle_prep,20.868909,21.601828,20.541024,21.312518,cup_v3_bottom_staging,handle_prep,rolling_1m,2023-03-06,2023-08-28,2023-08-29,2023-09-14,2023-09-18,2023-09-18,2023-09-18,120,13.799723,4.18546,16.135224,4,42,12,2.052291,1.318749,13,1.870907,True,0.598615,0.771914,0.727273,0.636364,0.0,1.870907,0.593818,0.891734,1.8,0.727273,2.504638,1.146058,2.504638,20.439866,21.104901,2.759583,0.983738,0.983738,-0.357553,0.609017,0.609017,81.0,7.910156,9.361727,57.390305,杭州高新
cup_v3_handle_prep,杯柄 V3 柄底预备,300512.SZ,2023-04-07,0.616709,bottom_staging_handle_prep,26.477437,27.208307,26.344551,27.175086,cup_v3_bottom_staging,handle_prep,rolling_1m,2022-09-19,2023-03-20,2023-03-21,2023-04-06,2023-04-07,2023-04-07,2023-04-07,120,15.117115,12.879801,16.82713,4,57,15,1.485457,1.974301,11,2.522068,False,0.876635,1.384809,0.6,0.4,0.0,2.522068,0.728075,0.610223,1.25,0.954545,2.25,1.223423,2.25,26.270714,26.660667,2.81022,1.929505,1.929505,-0.708705,0.405111,0.405111,61.0,17.867435,7.896588,57.839161,中亚股份
cup_v3_handle_prep,杯柄 V3 柄底预备,300577.SZ,2023-02-13,0.621938,bottom_staging_handle_prep,55.210723,56.012331,54.409115,56.012331,cup_v3_bottom_staging,handle_prep,rolling_1m,2022-07-28,2023-01-20,2023-01-30,2023-02-06,2023-02-13,2023-02-13,2023-02-21,120,20.949049,16.009258,21.947664,5,49,14,0.825649,1.506608,9,2.701044,False,1.136675,0.914457,0.5,0.75,1.490757,2.701044,0.683988,0.703047,1.090909,1.0,1.329305,1.477536,-1.033295,53.846317,54.678665,3.77447,2.439097,3.237517,0.0423,0.64151,1.86398,83.0,18.93617,9.465943,57.219473,开润股份
cup_v3_handle_prep,杯柄 V3 柄底预备,300664.SZ,2023-07-25,0.580745,bottom_staging_handle_prep,9.065717,9.191411,8.92431,9.191411,cup_v3_bottom_staging,handle_prep,rolling_1m,2023-01-13,2023-07-14,2023-07-17,2023-07-24,2023-07-25,2023-07-25,2023-07-26,120,10.098568,8.733721,11.489126,2,40,20,1.263012,1.455223,5,2.816901,False,0.550666,0.90328,0.75,0.25,0.0,2.816901,0.722209,0.62541,1.0625,1.0,1.386482,2.094904,0.512821,8.984625,8.972813,2.126675,2.436227,2.618572,-0.141411,-0.139443,0.754265,74.0,12.664828,6.000714,59.279835,鹏鹞环保
cup_v3_handle_prep,杯柄 V3 柄底预备,300868.SZ,2023-07-11,0.658141,bottom_staging_handle_prep,18.589457,18.964286,18.245021,18.771806,cup_v3_bottom_staging,handle_prep,rolling_1m,2022-12-28,2023-06-29,2023-06-30,2023-07-10,2023-07-11,2023-07-11,2023-07-17,120,14.298521,13.142098,16.539668,5,35,9,1.960784,1.705296,6,1.054969,False,0.707435,1.019261,0.6,0.4,0.0,1.054969,0.716835,0.535572,2.736842,0.693548,2.262693,1.696581,2.004334,17.877792,18.04927,3.130746,4.003132,4.839981,-0.880881,0.516361,0.990391,76.0,18.858242,8.633097,59.834508,杰美特
cup_v3_handle_prep,杯柄 V3 柄底预备,300906.SZ,2023-07-11,0.577866,bottom_staging_handle_prep,25.73108,26.206625,25.069454,26.113583,cup_v3_bottom_staging,handle_prep,rolling_1m,2022-12-23,2023-06-26,2023-06-27,2023-07-10,2023-07-11,2023-07-11,2023-07-11,120,16.659633,15.667161,18.241168,5,48,15,1.355683,1.298552,9,3.134021,False,0.711465,0.868949,0.5,0.375,0.0,3.134021,0.653894,0.764718,1.328947,0.894118,1.242485,1.362331,1.242485,25.317833,25.560465,2.122228,2.163961,2.163961,0.137825,0.787525,0.787525,76.0,19.40631,7.264219,56.708101,日月明
cup_v3_handle_prep,杯柄 V3 柄底预备,300960.SZ,2025-04-29,0.634419,bottom_staging_handle_prep,27.955022,29.08774,27.031253,28.757822,cup_v3_bottom_staging,handle_prep,rolling_1m,2024-10-15,2025-04-10,2025-04-11,2025-04-18,2025-04-29,2025-04-29,2025-04-21,120,16.928825,13.683049,17.994372,5,37,6,0.911279,1.545746,11,4.068348,True,0.674528,0.777463,0.75,0.5,0.0,4.068348,0.377753,0.593158,1.57,0.708738,2.068696,1.068779,6.540931,27.162247,27.852934,3.566462,3.248807,5.994227,-0.884848,0.929527,0.892786,82.0,18.540345,9.892034,54.542041,通业科技
cup_v3_handle_prep,杯柄 V3 柄底预备,300973.SZ,2023-02-22,0.562487,bottom_staging_handle_prep,95.948538,101.911897,93.607591,99.89384,cup_v3_bottom_staging,handle_prep,rolling_1m,2022-08-11,2023-02-10,2023-02-13,2023-02-21,2023-02-22,2023-02-22,2023-02-22,120,22.652342,16.521066,25.372593,5,25,9,2.217855,1.874066,6,4.279401,True,0.564727,0.843356,0.6,0.6,0.0,4.279401,0.5062,0.652763,1.56927,0.724518,3.849785,1.201697,3.849785,93.624634,94.677956,4.260418,5.50908,5.50908,-0.661269,0.330061,0.330061,90.0,27.725455,13.491763,62.331954,立高食品
cup_v3_handle_prep,杯柄 V3 柄底预备,301020.SZ,2025-07-03,0.588671,bottom_staging_handle_prep,23.00316,23.066124,22.363017,23.034642,cup_v3_bottom_staging,handle_prep,rolling_1m,2024-12-20,2025-06-23,2025-06-24,2025-06-26,2025-07-03,2025-07-03,2025-07-08,120,20.626243,13.812947,21.296704,3,41,8,0.555817,1.506937,6,2.252464,False,0.881228,1.156165,1.0,0.0,0.0,2.252464,0.746399,0.576484,1.333333,0.911765,0.734282,1.77773,2.566453,22.097245,22.421445,3.482292,2.734868,4.101174,0.422979,1.025384,0.920806,65.0,18.003669,9.676688,60.566913,密封科技
cup_v3_handle_prep,杯柄 V3 柄底预备,301032.SZ,2023-09-18,0.654735,bottom_staging_handle_prep,9.382744,9.686721,9.220623,9.5246,cup_v3_bottom_staging,handle_prep,rolling_1m,2023-03-06,2023-08-28,2023-08-29,2023-09-14,2023-09-18,2023-09-18,2023-10-09,120,14.650271,4.075442,17.030987,5,50,21,2.076503,2.073448,13,1.082251,True,0.752257,0.909874,0.636364,0.727273,0.0,1.082251,0.690415,0.467645,1.6,0.652174,1.84182,1.432484,-0.316122,9.120169,9.466362,3.767867,0.615206,0.343192,-0.208753,0.985882,0.583417,85.0,11.378527,9.118447,54.956479,新柴股份
cup_v3_handle_prep,杯柄 V3 柄底预备,301053.SZ,2023-11-13,0.647025,bottom_staging_handle_prep,26.856544,27.537873,26.266738,27.405675,cup_v3_bottom_staging,handle_prep,rolling_1m,2023-05-09,2023-11-02,2023-11-03,2023-11-10,2023-11-13,2023-11-13,2023-11-20,120,12.069998,7.448424,14.752696,5,63,24,2.393769,1.705531,5,3.832753,False,0.620499,1.068219,1.0,0.75,0.0,3.832753,0.754583,0.640198,1.131313,0.831169,2.82335,1.110566,2.008929,25.83896,25.88485,5.55176,5.875346,5.885539,-1.785815,0.742541,1.734176,88.0,22.555367,7.356781,60.360788,远信工业
cup_v3_handle_prep,杯柄 V3 柄底预备,301163.SZ,2023-06-27,0.57591,bottom_staging_handle_prep,29.668107,30.635874,29.345518,30.424175,cup_v3_bottom_staging,handle_prep,rolling_1m,2022-12-13,2023-06-12,2023-06-13,2023-06-26,2023-06-27,2023-06-27,2023-06-29,120,12.150766,7.284933,12.511103,5,43,10,0.321297,1.557137,7,4.568877,True,0.542782,0.798909,0.666667,0.666667,1.689861,4.568877,0.564013,0.703208,0.804511,0.814159,2.54842,1.547332,3.333333,29.617158,29.806251,3.609802,2.073135,4.583698,0.57108,-0.109026,-0.033926,68.0,16.478464,4.267985,55.711243,宏德股份
cup_v3_handle_prep,杯柄 V3 柄底预备,301182.SZ,2023-07-11,0.622565,bottom_staging_handle_prep,23.061808,23.621314,22.88887,23.49924,cup_v3_bottom_staging,handle_prep,rolling_1m,2022-12-27,2023-06-28,2023-06-29,2023-07-07,2023-07-11,2023-07-11,,120,18.454132,17.392189,20.379365,5,56,20,1.625298,1.674188,7,2.266667,False,1.124225,1.362702,0.6,0.4,0.08658,2.266667,0.758257,0.54369,1.176471,0.785714,2.122016,,,22.850542,23.059741,2.438199,1.905912,,0.30264,0.62923,,77.0,20.217781,7.965989,57.889156,凯旺科技
cup_v3_handle_prep,杯柄 V3 柄底预备,600015.SH,2024-01-05,0.615462,bottom_staging_handle_prep,17.953408,18.510582,17.581958,18.262949,cup_v3_bottom_staging,handle_prep,rolling_1m,2023-06-14,2023-12-08,2023-12-11,2023-12-18,2024-01-05,2024-01-05,2024-01-05,120,6.685185,6.330871,7.962963,4,28,7,1.197709,1.855604,17,2.640845,False,0.967175,1.113631,0.75,0.25,0.0,2.640845,0.759415,0.359748,1.466667,0.6,1.724138,1.635081,1.724138,17.761555,17.833455,1.602985,2.408362,2.408362,1.046334,-0.328134,-0.328134,83.0,9.461967,4.197327,62.834614,华夏银行
cup_v3_handle_prep,杯柄 V3 柄底预备,600017.SH,2024-11-28,0.543492,bottom_staging_handle_prep,5.435921,5.571395,5.266577,5.520592,cup_v3_bottom_staging,handle_prep,rolling_1m,2024-05-22,2024-11-15,2024-11-18,2024-11-27,2024-11-28,2024-11-28,2024-12-02,120,18.113208,14.139156,21.132075,2,30,7,2.555911,1.647778,7,3.215434,False,1.020317,1.240848,0.666667,0.5,1.226994,3.215434,0.583959,0.548426,1.5,0.666667,1.242236,1.210887,1.840491,5.312873,5.419468,2.31603,1.865948,3.275879,1.590926,1.054005,1.120433,59.0,19.931328,14.168607,60.063595,日照港
cup_v3_handle_prep,杯柄 V3 柄底预备,600018.SH,2024-08-15,0.538595,bottom_staging_handle_prep,9.403302,9.683533,9.247619,9.667965,cup_v3_bottom_staging,handle_prep,rolling_1m,2024-01-30,2024-07-31,2024-08-01,2024-08-06,2024-08-15,2024-08-15,,120,17.050086,14.36278,20.529901,1,24,6,2.972928,1.392153,9,4.377104,False,1.237874,1.296939,0.5,0.5,0.644122,4.377104,0.688596,0.612719,1.038462,0.944444,2.475248,,,9.458046,9.510919,2.054874,1.651221,,1.050582,0.260012,,85.0,16.101286,10.145798,61.055222,上港集团
cup_v3_handle_prep,杯柄 V3 柄底预备,600033.SH,2024-06-25,0.540037,bottom_staging_handle_prep,8.437853,8.63639,8.338584,8.537121,cup_v3_bottom_staging,handle_prep,rolling_1m,2023-12-06,2024-06-06,2024-06-07,2024-06-24,2024-06-25,2024-06-25,2024-07-01,120,8.013937,4.883577,10.547989,4,38,14,2.346041,2.038955,10,3.869048,False,0.767844,0.940979,0.666667,0.333333,1.744186,3.869048,0.728822,0.517735,0.615385,0.6,1.176471,1.220773,2.089552,8.452082,8.473968,2.474249,0.745259,3.424294,0.257594,0.140639,0.407006,87.0,6.832298,4.061106,53.347993,福建高速
cup_v3_handle_prep,杯柄 V3 柄底预备,600035.SH,2023-04-26,0.578773,bottom_staging_handle_prep,7.852764,7.96183,7.700071,7.918204,cup_v3_bottom_staging,handle_prep,rolling_1m,2022-10-20,2023-04-14,2023-04-17,2023-04-24,2023-04-26,2023-04-26,2023-04-26,120,13.042102,12.339332,13.643558,4,22,6,0.532064,1.379373,6,1.699717,False,1.460136,1.917114,0.0,0.25,0.0,1.699717,0.740167,0.746326,1.666667,0.75,0.833333,1.242762,0.833333,7.701538,7.706203,1.680343,2.751038,2.751038,-0.638592,0.284293,0.284293,76.0,18.627451,6.950821,60.260869,楚天高速
cup_v3_handle_prep,杯柄 V3 柄底预备,600064.SH,2022-06-28,0.618427,bottom_staging_handle_prep,50.577309,51.318369,49.46572,51.318369,cup_v3_bottom_staging,handle_prep,rolling_1m,2021-12-13,2022-06-14,2022-06-15,2022-06-23,2022-06-28,2022-06-28,,120,16.821121,15.868477,18.642241,3,37,16,1.558897,1.776267,8,3.089888,False,0.906205,1.099489,0.6,0.6,0.631769,3.089888,0.757003,0.451445,1.212121,1.0,1.465201,,,50.351661,50.302824,1.276014,2.018861,,-0.172519,0.108903,,89.0,19.139785,9.820765,58.2428,南京高科
cup_v3_handle_prep,杯柄 V3 柄底预备,600191.SH,2023-12-04,0.624523,bottom_staging_handle_prep,6.773681,6.956754,6.580438,6.9059,cup_v3_bottom_staging,handle_prep,rolling_1m,2023-05-29,2023-11-22,2023-11-23,2023-11-30,2023-12-04,2023-12-04,2023-12-01,120,13.102488,10.262612,13.972507,4,49,14,0.769231,1.998551,6,1.236476,False,0.668793,1.016753,0.75,0.5,0.0,1.236476,0.735317,0.649466,4.0,0.791667,1.041667,1.776749,1.664145,6.500667,6.607315,2.478768,4.519014,3.743716,0.255673,1.066219,1.117871,84.0,18.086957,9.090909,67.95373,华资实业
cup_v3_handle_prep,杯柄 V3 柄底预备,600258.SH,2023-03-02,0.618493,bottom_staging_handle_prep,40.629928,41.176074,39.885184,40.977475,cup_v3_bottom_staging,handle_prep,rolling_1m,2022-08-10,2023-02-09,2023-02-10,2023-02-27,2023-03-02,2023-03-02,2023-03-06,120,20.642986,16.33293,21.512679,5,27,10,0.720881,1.976531,13,3.195021,True,0.675786,0.84081,0.6,0.6,1.332795,3.195021,0.490702,0.462354,0.857143,0.8,0.896496,1.152435,2.104411,39.440557,40.731883,4.358374,0.602948,1.949283,-0.872303,0.782365,1.309762,77.0,16.572505,6.680837,52.159543,首旅酒店
cup_v3_handle_prep,杯柄 V3 柄底预备,600273.SH,2025-07-03,0.541937,bottom_staging_handle_prep,12.722839,13.14047,12.55877,13.065893,cup_v3_bottom_staging,handle_prep,rolling_1m,2024-12-20,2025-06-23,2025-06-24,2025-07-01,2025-07-03,2025-07-03,2025-07-02,120,11.053384,8.552164,12.848026,3,35,14,1.616018,1.225876,6,0.831354,False,1.375619,1.434732,0.25,0.5,0.0,0.831354,0.789546,0.874699,4.857143,0.821429,2.336449,1.172281,0.469484,12.447075,12.61206,1.736169,3.598407,1.45691,0.318243,0.957127,0.929921,55.0,12.477688,9.921179,67.678083,嘉化能源
cup_v3_handle_prep,杯柄 V3 柄底预备,600352.SH,2023-03-01,0.60765,bottom_staging_handle_prep,25.561406,26.107378,25.040251,25.884026,cup_v3_bottom_staging,handle_prep,rolling_1m,2022-08-18,2023-02-17,2023-02-20,2023-02-27,2023-03-01,2023-03-01,2023-03-01,120,10.110636,3.790651,11.950926,3,32,15,1.671309,1.600457,6,1.288404,False,0.964373,1.805283,0.5,0.5,0.0,1.288404,0.781904,0.624346,2.615385,0.625,0.968054,1.818551,0.968054,24.987804,25.194927,1.501002,2.735067,2.735067,0.756065,0.53419,0.53419,65.0,9.21466,7.784122,63.378513,浙江龙盛
cup_v3_handle_prep,杯柄 V3 柄底预备,600367.SH,2025-08-19,0.531553,bottom_staging_handle_prep,16.410532,16.836375,16.078167,16.815602,cup_v3_bottom_staging,handle_prep,rolling_1m,2025-02-17,2025-08-08,2025-08-11,2025-08-14,2025-08-19,2025-08-19,2025-08-19,120,20.461943,16.602927,21.283292,5,60,19,0.681833,1.322332,5,2.067183,False,1.080139,1.354336,0.5,0.5,0.0,2.067183,0.694123,0.800487,2.21875,0.959184,2.14511,1.544488,2.14511,16.135814,16.290506,1.702538,3.223327,3.223327,0.500417,0.891847,0.891847,67.0,24.53471,11.605313,61.093634,红星发展
cup_v3_handle_prep,杯柄 V3 柄底预备,600420.SH,2023-03-15,0.568824,bottom_staging_handle_prep,21.872072,22.474253,21.549475,22.216175,cup_v3_bottom_staging,handle_prep,rolling_1m,2022-08-26,2023-02-27,2023-02-28,2023-03-13,2023-03-15,2023-03-15,2023-03-17,120,16.427746,12.808504,19.421965,4,40,19,2.571741,1.371522,10,3.093812,False,1.430204,1.886682,0.75,0.375,0.0,3.093812,0.683937,0.743536,1.0,0.612903,2.581927,1.970273,-0.093371,21.761615,22.111007,2.088816,0.475638,3.232371,0.656516,0.456053,0.983651,77.0,14.01766,8.799831,55.502356,国药现代
cup_v3_handle_prep,杯柄 V3 柄底预备,600452.SH,2024-04-29,0.565175,bottom_staging_handle_prep,79.345581,80.783869,76.948433,80.424297,cup_v3_bottom_staging,handle_prep,rolling_1m,2023-10-19,2024-04-16,2024-04-17,2024-04-24,2024-04-29,2024-04-29,2024-04-30,120,16.715258,7.040167,17.324852,4,40,8,0.522292,1.291414,7,3.426791,False,0.677156,1.048176,0.5,0.75,0.0,3.426791,0.693698,0.665683,1.318182,0.863636,1.43613,1.488301,1.788376,77.635176,78.730757,2.511901,2.151053,3.62464,0.726466,0.760952,0.909188,85.0,9.819967,8.193087,58.341822,涪陵电力
cup_v3_handle_prep,杯柄 V3 柄底预备,600461.SH,2023-06-28,0.525747,bottom_staging_handle_prep,29.930744,30.658986,29.384562,30.404101,cup_v3_bottom_staging,handle_prep,rolling_1m,2022-11-25,2023-05-25,2023-05-26,2023-06-01,2023-06-28,2023-06-28,2023-06-05,120,15.687968,13.285425,19.890616,2,26,13,3.632744,1.363995,20,3.221809,False,1.045397,0.911788,0.666667,0.333333,0.0,3.221809,0.685566,0.502725,1.076923,0.681818,2.203182,1.175151,3.545232,29.368709,30.112262,3.277529,0.969168,2.274656,1.411304,0.258687,2.201869,77.0,21.720117,11.890298,58.510879,洪城环境
cup_v3_handle_prep,杯柄 V3 柄底预备,600489.SH,2025-06-12,0.696312,bottom_staging_handle_prep,61.989793,63.283044,59.015318,63.239935,cup_v3_bottom_staging,handle_prep,rolling_1m,2024-11-22,2025-05-23,2025-05-26,2025-05-29,2025-06-12,2025-06-12,2025-06-12,120,14.492636,8.233249,17.340711,4,32,12,2.487562,1.747584,11,5.332359,True,0.683876,0.385784,0.5,0.5,0.0,5.332359,0.687249,0.414991,1.342466,0.972222,2.587413,1.183961,2.587413,59.978612,60.218154,3.640657,5.018058,5.018058,-2.575458,0.749346,0.749346,78.0,15.149137,10.122734,62.325606,中金黄金
cup_v3_handle_prep,杯柄 V3 柄底预备,600517.SH,2023-06-27,0.61995,bottom_staging_handle_prep,12.181118,12.484562,12.007721,12.441213,cup_v3_bottom_staging,handle_prep,rolling_1m,2022-12-12,2023-06-09,2023-06-12,2023-06-26,2023-06-27,2023-06-27,2023-07-03,120,15.156474,14.004347,16.997341,4,42,21,1.598579,1.749718,8,3.249097,False,0.954063,1.035711,0.571429,0.714286,1.045296,3.249097,0.724626,0.515573,1.111111,0.882353,2.683363,1.50926,1.22807,12.236313,12.227351,1.320256,1.749041,2.571267,-0.203363,0.060944,0.847206,72.0,19.832985,8.624687,57.266048,国网英大
cup_v3_handle_prep,杯柄 V3 柄底预备,600548.SH,2023-03-01,0.63637,bottom_staging_handle_prep,15.959739,16.064622,15.749973,16.064622,cup_v3_bottom_staging,handle_prep,rolling_1m,2022-08-19,2023-02-20,2023-02-21,2023-02-27,2023-03-01,2023-03-01,2023-03-01,120,12.429731,5.770894,13.554029,3,32,11,1.0,1.709816,5,0.887902,False,0.79074,1.112328,0.333333,0.666667,0.0,0.887902,0.889207,0.488952,2.25,1.0,0.989011,1.199773,0.989011,15.755742,15.765678,0.850958,1.896174,1.896174,-0.062588,0.034365,0.034365,64.0,8.372642,7.020166,63.676162,深高速
cup_v3_handle_prep,杯柄 V3 柄底预备,600685.SH,2024-06-13,0.549187,bottom_staging_handle_prep,37.851232,39.191825,36.729511,38.672003,cup_v3_bottom_staging,handle_prep,rolling_1m,2023-11-30,2024-05-31,2024-06-03,2024-06-11,2024-06-13,2024-06-13,2024-07-09,120,14.477801,13.662397,17.928118,3,32,7,3.013962,1.574867,6,3.873371,False,1.32442,1.95381,0.5,0.5,0.035373,3.873371,0.620522,0.611679,1.365385,0.638095,2.131503,1.54688,3.385511,37.269795,37.664746,2.367565,2.674272,3.552974,1.326684,0.456664,-0.402593,92.0,17.939091,9.825504,58.888902,中船防务
cup_v3_handle_prep,杯柄 V3 柄底预备,600685.SH,2024-07-09,0.59177,bottom_staging_handle_prep,37.769155,39.137107,36.606396,38.849837,cup_v3_bottom_staging,handle_prep,rolling_1m,2023-12-26,2024-06-27,2024-06-28,2024-07-08,2024-07-09,2024-07-09,2024-07-09,120,13.569346,7.692308,14.583761,4,31,7,0.893212,1.816407,6,4.26009,False,0.796542,1.317568,0.4,0.6,0.0,4.26009,0.656893,0.393705,1.438596,0.842105,3.385511,1.54688,3.385511,37.574634,37.516872,1.573473,3.552974,3.552974,-0.274259,-0.402593,-0.402593,89.0,10.5919,8.938869,59.213943,中船防务
cup_v3_handle_prep,杯柄 V3 柄底预备,600756.SH,2023-01-16,0.491297,bottom_staging_handle_prep,21.423596,22.209641,21.223231,21.993864,cup_v3_bottom_staging,handle_prep,rolling_1m,2022-07-11,2023-01-03,2023-01-04,2023-01-13,2023-01-16,2023-01-16,2023-01-19,120,22.277688,6.709364,24.122176,4,50,19,1.508442,1.409662,7,6.535948,False,1.1013,1.612822,0.833333,0.666667,3.714085,6.535948,0.617531,0.560375,0.555556,0.740741,2.661871,1.875542,-0.132538,22.122929,21.568404,2.20333,1.972607,6.119421,-2.099869,-1.518415,1.19951,78.0,9.938367,8.146342,53.121124,浪潮软件
cup_v3_handle_prep,杯柄 V3 柄底预备,600760.SH,2022-09-22,0.620671,bottom_staging_handle_prep,93.771993,95.44903,89.963127,94.240995,cup_v3_bottom_staging,handle_prep,rolling_1m,2022-03-15,2022-09-06,2022-09-07,2022-09-21,2022-09-22,2022-09-22,2022-09-23,120,22.044289,9.012659,23.472741,3,37,16,1.170437,1.874529,9,1.595577,False,0.688954,1.106071,0.625,0.5,0.0,1.595577,0.548756,0.565519,2.980198,0.606481,0.790394,1.863071,0.075403,90.033396,90.218487,1.516284,4.458629,3.848176,-1.351998,0.531805,1.025314,81.0,15.360324,13.462061,60.127872,中航沈飞
cup_v3_handle_prep,杯柄 V3 柄底预备,600831.SH,2023-03-17,0.484064,bottom_staging_handle_prep,8.542293,8.690503,8.434504,8.650083,cup_v3_bottom_staging,handle_prep,rolling_1m,2022-09-05,2023-03-07,2023-03-08,2023-03-16,2023-03-17,2023-03-17,2023-03-24,120,20.705791,11.869861,27.705206,3,38,10,5.79874,1.563985,6,4.632588,True,0.902835,0.725941,0.6,0.6,2.024922,4.632588,0.536191,0.666906,0.551724,0.769231,2.066773,1.25853,2.304147,8.480219,8.560763,4.068539,1.043362,3.756915,1.287921,0.570926,1.025251,71.0,13.028169,11.353617,53.626954,广电网络
cup_v3_handle_prep,杯柄 V3 柄底预备,600846.SH,2022-12-07,0.545992,bottom_staging_handle_prep,19.127243,19.566445,18.46844,19.456645,cup_v3_bottom_staging,handle_prep,rolling_1m,2022-06-06,2022-11-28,2022-11-29,2022-12-01,2022-12-07,2022-12-07,2022-12-07,120,13.995327,14.947911,16.299887,2,34,12,2.021627,1.966115,5,3.210464,False,1.622056,1.477535,0.0,0.0,0.0,3.210464,0.655009,0.606882,1.666667,0.782609,1.722158,1.449314,1.722158,18.879169,18.840967,0.965054,3.267761,3.267761,0.137177,-0.232054,-0.232054,81.0,21.848903,9.123087,63.769948,同济科技
cup_v3_handle_prep,杯柄 V3 柄底预备,600900.SH,2023-12-12,0.608146,bottom_staging_handle_prep,57.265803,57.971233,56.308434,57.895652,cup_v3_bottom_staging,handle_prep,rolling_1m,2023-06-05,2023-11-29,2023-11-30,2023-12-11,2023-12-12,2023-12-12,2023-12-20,120,6.248344,5.077275,7.087974,3,23,7,0.790252,1.851667,7,2.147651,False,1.464272,1.514634,0.5,0.5,0.0,2.147651,0.842716,0.645612,1.3125,0.896552,0.701139,1.226295,1.084599,56.865033,57.015798,1.147823,1.543174,2.389429,0.258878,0.157356,0.455315,72.0,7.06103,4.0016,61.589277,长江电力
cup_v3_handle_prep,杯柄 V3 柄底预备,600900.SH,2025-06-25,0.581383,bottom_staging_handle_prep,79.438277,80.663211,78.343655,80.480775,cup_v3_bottom_staging,handle_prep,rolling_1m,2024-12-11,2025-06-12,2025-06-13,2025-06-17,2025-06-25,2025-06-25,2025-06-25,120,10.157676,4.087531,11.759982,1,27,12,1.454558,1.624919,7,1.862941,False,1.527402,1.986306,0.0,0.0,0.0,1.862941,0.822979,0.624378,1.464286,0.872727,0.981033,1.193387,0.981033,78.954999,79.056907,1.074222,1.801067,1.801067,0.465857,-0.00919,-0.00919,51.0,5.205363,6.761398,62.544643,长江电力
cup_v3_handle_prep,杯柄 V3 柄底预备,600919.SH,2023-01-12,0.586428,bottom_staging_handle_prep,10.166911,10.22099,10.004673,10.22099,cup_v3_bottom_staging,handle_prep,rolling_1m,2022-07-11,2023-01-03,2023-01-04,2023-01-11,2023-01-12,2023-01-12,,120,8.751272,1.643784,9.463585,5,26,8,0.654993,2.05432,5,1.756757,False,0.944873,1.351158,0.75,0.75,0.0,1.756757,0.771803,0.529717,1.230769,1.0,0.8,,,9.930512,9.95161,2.516681,2.706902,,-0.29274,0.146421,,73.0,5.292479,4.627024,60.701008,江苏银行
cup_v3_handle_prep,杯柄 V3 柄底预备,600985.SH,2023-11-07,0.539274,bottom_staging_handle_prep,44.219654,45.609414,44.061727,45.167218,cup_v3_bottom_staging,handle_prep,rolling_1m,2023-04-28,2023-10-27,2023-10-30,2023-11-06,2023-11-07,2023-11-07,2023-11-09,120,17.305073,9.358516,22.06333,3,32,10,4.056309,1.441696,5,2.795699,True,0.668831,0.646483,0.5,0.75,0.769231,2.795699,0.556382,0.632912,0.897436,0.681818,1.924448,1.781977,2.826855,43.852574,44.266161,3.285979,2.035544,3.13572,1.088584,0.472588,0.965023,77.0,12.432842,13.239948,57.28339,淮北矿业
cup_v3_handle_prep,杯柄 V3 柄底预备,600989.SH,2024-05-17,0.516553,bottom_staging_handle_prep,18.808754,19.191917,18.639712,19.146839,cup_v3_bottom_staging,handle_prep,rolling_1m,2023-11-02,2024-04-30,2024-05-06,2024-05-15,2024-05-17,2024-05-17,,120,19.442254,16.457106,22.446053,3,22,7,2.514855,1.246646,8,3.264813,True,0.632661,0.805194,0.666667,0.666667,0.64744,3.264813,0.628328,0.616371,0.833333,0.882353,1.736527,,,18.899795,18.947917,1.84377,1.049836,,0.913699,-0.043345,,90.0,17.822469,12.071856,56.814049,宝丰能源
cup_v3_handle_prep,杯柄 V3 柄底预备,601058.SH,2023-08-24,0.602269,bottom_staging_handle_prep,60.773726,63.058053,59.976868,62.314319,cup_v3_bottom_staging,handle_prep,rolling_1m,2023-02-09,2023-08-03,2023-08-04,2023-08-17,2023-08-24,2023-08-24,2023-08-29,120,15.727917,7.369741,18.162472,5,32,12,2.103688,1.354979,13,2.745793,False,1.210532,1.476953,0.625,0.5,0.0,2.745793,0.711172,0.685603,1.419355,0.695652,2.624672,1.461467,1.904762,60.731139,61.175842,1.469706,1.86099,1.580951,-0.029211,1.090838,1.033828,83.0,7.257904,9.592391,58.103114,赛轮轮胎
cup_v3_handle_prep,杯柄 V3 柄底预备,601068.SH,2025-08-25,0.628178,bottom_staging_handle_prep,5.083462,5.214065,4.972952,5.204019,cup_v3_bottom_staging,handle_prep,rolling_1m,2025-02-14,2025-08-07,2025-08-08,2025-08-20,2025-08-25,2025-08-25,,120,13.328745,13.368082,17.916953,3,44,15,4.048583,1.660724,10,3.838384,False,0.801904,1.145027,0.571429,0.571429,2.123552,3.838384,0.687735,0.415273,1.210526,0.923077,2.574257,,,5.007282,5.037671,3.126461,3.302077,,0.863456,0.042363,,53.0,19.08046,11.202547,62.389148,中铝国际
cup_v3_handle_prep,杯柄 V3 柄底预备,601077.SH,2023-09-14,0.651632,bottom_staging_handle_prep,4.973747,5.037188,4.846866,5.024499,cup_v3_bottom_staging,handle_prep,rolling_1m,2023-03-10,2023-09-01,2023-09-04,2023-09-06,2023-09-14,2023-09-14,2023-09-11,120,13.934426,12.712966,14.34503,5,33,6,0.360386,1.668502,7,1.832461,True,0.937975,0.875977,1.0,1.0,0.0,1.832461,0.907686,0.409836,2.0,0.833333,1.278772,1.98665,1.554404,4.867268,4.890488,1.405595,2.740249,2.142738,-0.789,0.609246,0.043964,90.0,16.402652,7.21752,63.073247,渝农商行
cup_v3_handle_prep,杯柄 V3 柄底预备,601077.SH,2024-04-15,0.624653,bottom_staging_handle_prep,5.798475,5.938045,5.747723,5.89998,cup_v3_bottom_staging,handle_prep,rolling_1m,2023-09-20,2024-03-22,2024-03-25,2024-04-11,2024-04-15,2024-04-15,2024-04-15,120,11.218905,10.333007,13.930348,2,34,11,2.437933,1.46228,12,1.103753,False,0.942949,1.106542,0.7,0.6,0.0,1.103753,0.677697,0.745966,2.4,0.785714,2.197802,1.137183,2.197802,5.703475,5.836377,1.888126,1.089769,1.089769,0.327478,0.446607,0.446607,86.0,7.638889,8.598342,55.829722,渝农商行
cup_v3_handle_prep,杯柄 V3 柄底预备,601088.SH,2024-01-02,0.574165,bottom_staging_handle_prep,72.478092,75.387375,71.277435,74.763957,cup_v3_bottom_staging,handle_prep,rolling_1m,2023-06-29,2023-12-21,2023-12-22,2023-12-28,2024-01-02,2024-01-02,2024-01-02,120,12.572046,9.015152,13.040346,4,31,6,0.416,1.455392,5,1.652089,False,0.927091,0.919316,0.333333,0.333333,0.0,1.652089,0.658242,0.893752,2.960784,0.789063,3.285486,1.6078,3.285486,71.63453,72.050904,1.145359,3.765466,3.765466,0.076534,0.505003,0.505003,85.0,12.8223,8.357432,63.663172,中国神华
cup_v3_handle_prep,杯柄 V3 柄底预备,601186.SH,2023-03-01,0.625272,bottom_staging_handle_prep,10.647409,10.936956,10.476314,10.910633,cup_v3_bottom_staging,handle_prep,rolling_1m,2022-08-18,2023-02-17,2023-02-20,2023-02-28,2023-03-01,2023-03-01,2023-03-01,120,14.722617,7.766727,15.647226,3,36,17,0.805952,1.928499,6,2.135678,False,0.667024,0.961763,0.8,0.6,0.0,2.135678,0.769815,0.406765,1.941176,0.909091,2.219482,1.644721,2.219482,10.443856,10.56171,2.453101,3.303658,3.303658,0.862498,0.643565,0.643565,72.0,13.406293,8.616849,62.502659,中国铁建
cup_v3_handle_prep,杯柄 V3 柄底预备,601187.SH,2025-05-21,0.553101,bottom_staging_handle_prep,7.299991,7.434272,7.251162,7.434272,cup_v3_bottom_staging,handle_prep,rolling_1m,2024-11-11,2025-05-12,2025-05-13,2025-05-20,2025-05-21,2025-05-21,2025-05-22,120,10.130793,10.359156,11.810754,4,34,7,1.525424,2.171628,5,0.841751,True,0.53712,0.798216,0.75,0.5,0.0,0.841751,0.601008,0.534356,3.0,1.0,2.181208,1.657111,2.791461,7.195261,7.284841,1.625197,2.051257,4.544989,0.002083,0.765795,0.817673,62.0,7.611975,7.70425,57.329366,厦门银行
cup_v3_handle_prep,杯柄 V3 柄底预备,601218.SH,2024-01-11,0.659606,bottom_staging_handle_prep,9.353486,9.519244,9.258767,9.519244,cup_v3_bottom_staging,handle_prep,rolling_1m,2023-07-05,2023-12-27,2023-12-28,2024-01-10,2024-01-11,2024-01-11,2024-01-16,120,8.292011,2.855623,9.641873,2,22,6,1.246502,1.698349,8,1.790281,False,0.82242,1.631183,0.714286,0.571429,0.0,1.790281,0.688036,0.64818,1.571429,1.0,1.259446,1.171204,0.498753,9.205202,9.307657,2.382601,2.273258,2.096725,-0.647334,0.5115,0.681155,82.0,6.349206,5.884677,58.244992,吉鑫科技
cup_v3_handle_prep,杯柄 V3 柄底预备,601319.SH,2023-01-20,0.566981,bottom_staging_handle_prep,5.710324,5.786607,5.634041,5.77571,cup_v3_bottom_staging,handle_prep,rolling_1m,2022-07-11,2023-01-03,2023-01-04,2023-01-17,2023-01-20,2023-01-20,,120,14.686825,10.051372,15.11879,3,42,16,0.376648,1.285032,11,3.094778,False,1.831015,1.381896,0.5,0.375,1.132075,3.094778,0.720848,0.839152,0.8125,0.9,0.952381,,,5.748427,5.704178,1.043339,1.254032,,-1.528892,0.308536,,82.0,13.240364,5.125705,53.645492,中国人保
cup_v3_handle_prep,杯柄 V3 柄底预备,601328.SH,2023-02-28,0.574679,bottom_staging_handle_prep,10.307825,10.371323,10.28666,10.371323,cup_v3_bottom_staging,handle_prep,rolling_1m,2022-08-18,2023-02-17,2023-02-20,2023-02-27,2023-02-28,2023-02-28,2023-03-02,120,6.625713,6.25,7.94208,1,25,8,1.234568,1.685594,5,1.234568,True,0.878526,0.764864,0.75,0.75,0.408163,1.234568,0.911952,0.492463,0.666667,1.0,0.823045,1.255141,0.609756,10.292476,10.302253,1.177362,0.670438,1.55182,0.219714,0.040894,0.134717,61.0,6.9869,4.371905,58.802239,交通银行
cup_v3_handle_prep,杯柄 V3 柄底预备,601390.SH,2023-03-01,0.63345,bottom_staging_handle_prep,7.736057,7.941325,7.633423,7.928496,cup_v3_bottom_staging,handle_prep,rolling_1m,2022-08-18,2023-02-17,2023-02-20,2023-02-28,2023-03-01,2023-03-01,2023-03-01,120,13.64246,2.41653,16.305806,4,31,16,2.343618,1.824486,6,2.016807,True,0.751641,0.928407,0.6,0.6,0.0,2.016807,0.730579,0.426777,1.916667,0.947368,2.317881,1.430383,2.317881,7.475852,7.628186,4.167046,3.936852,3.936852,1.184009,1.244864,1.244864,65.0,8.994709,9.858529,64.852837,中国中铁
cup_v3_handle_prep,杯柄 V3 柄底预备,601398.SH,2024-06-04,0.619799,bottom_staging_handle_prep,11.409086,11.472003,11.346168,11.472003,cup_v3_bottom_staging,handle_prep,rolling_1m,2023-11-15,2024-05-16,2024-05-17,2024-06-03,2024-06-04,2024-06-04,2024-06-07,120,13.389121,12.918926,14.435146,3,26,6,0.922509,1.293615,11,1.109057,True,0.821056,0.737593,0.8,0.7,0.0,1.109057,0.84201,0.65654,1.0,1.0,0.551471,1.237823,1.098901,11.415118,11.40542,0.498336,0.583787,1.275811,0.191875,0.14729,0.306164,89.0,13.721414,5.532243,54.510001,工商银行
cup_v3_handle_prep,杯柄 V3 柄底预备,601601.SH,2025-08-05,0.544782,bottom_staging_handle_prep,58.334233,59.087135,57.408791,58.89891,cup_v3_bottom_staging,handle_prep,rolling_1m,2025-01-21,2025-07-22,2025-07-23,2025-08-04,2025-08-05,2025-08-05,2025-08-14,120,22.669762,17.155876,25.033959,3,26,8,1.927286,1.965161,8,1.502732,True,0.700199,0.870488,0.714286,0.571429,0.319574,1.502732,0.497992,0.583647,1.727273,0.793103,1.158405,1.407329,4.872881,57.619587,58.618156,1.131392,0.478953,5.268393,1.448931,0.659678,0.529983,64.0,20.273546,13.962512,55.053358,中国太保
cup_v3_handle_prep,杯柄 V3 柄底预备,601686.SH,2025-07-02,0.602174,bottom_staging_handle_prep,6.920455,7.087213,6.741786,7.075302,cup_v3_bottom_staging,handle_prep,rolling_1m,2024-12-19,2025-06-20,2025-06-23,2025-07-01,2025-07-02,2025-07-02,2025-07-02,120,13.61367,7.357453,14.953093,5,51,13,1.178928,1.677757,6,1.943463,False,1.217018,1.50687,0.4,0.4,0.0,1.943463,0.70392,0.721949,2.545455,0.944444,2.237522,2.016247,2.237522,6.760791,6.833249,1.656891,3.542291,3.542291,-0.039219,0.8309,0.8309,57.0,9.821938,9.711239,64.336152,友发集团
cup_v3_handle_prep,杯柄 V3 柄底预备,601811.SH,2024-10-25,0.584993,bottom_staging_handle_prep,19.252318,19.648351,18.306949,19.635576,cup_v3_bottom_staging,handle_prep,rolling_1m,2024-04-10,2024-10-09,2024-10-10,2024-10-16,2024-10-25,2024-10-25,,120,8.990826,2.6863,10.458716,4,34,6,1.346801,1.851667,10,5.024424,False,1.024709,1.069765,0.666667,0.666667,0.520494,5.024424,0.497252,0.584274,1.444444,0.973684,1.788079,,,18.83686,19.09044,2.069915,2.855545,,2.841545,0.854849,,52.0,11.868068,7.310893,58.07278,新华文轩
cup_v3_handle_prep,杯柄 V3 柄底预备,601825.SH,2024-02-29,0.562166,bottom_staging_handle_prep,7.249862,7.457661,7.226773,7.446116,cup_v3_bottom_staging,handle_prep,rolling_1m,2023-08-16,2024-02-08,2024-02-19,2024-02-28,2024-02-29,2024-02-29,2024-03-20,120,10.458554,7.037755,12.522046,2,30,8,1.868114,1.254602,7,1.916933,False,0.763751,0.81987,0.5,0.333333,0.0,1.916933,0.648738,0.544911,1.583333,0.95,2.54372,1.09663,1.419558,7.27087,7.257386,1.298819,2.600528,0.660816,-0.180736,0.094935,1.64051,86.0,8.221477,7.918183,57.511899,沪农商行
cup_v3_handle_prep,杯柄 V3 柄底预备,601827.SH,2024-04-29,0.522858,bottom_staging_handle_prep,8.333635,8.452379,8.247276,8.452379,cup_v3_bottom_staging,handle_prep,rolling_1m,2023-10-19,2024-04-16,2024-04-17,2024-04-25,2024-04-29,2024-04-29,2024-04-30,120,7.584115,5.162921,8.246001,4,34,14,0.615227,1.254872,7,2.748691,False,1.078577,0.76859,0.6,0.4,0.383142,2.748691,0.647265,0.855337,0.904762,1.0,1.162791,2.479349,4.214559,8.406545,8.386834,0.802029,0.781518,4.57837,0.470287,-0.21902,0.222154,75.0,0.642674,3.241402,53.396444,三峰环境
cup_v3_handle_prep,杯柄 V3 柄底预备,601899.SH,2025-06-10,0.609918,bottom_staging_handle_prep,37.297288,38.297439,36.734704,38.068238,cup_v3_bottom_staging,handle_prep,rolling_1m,2024-11-19,2025-05-20,2025-05-21,2025-06-09,2025-06-10,2025-06-10,2025-06-12,120,15.192159,12.109408,19.228785,4,29,15,3.504254,1.792839,12,4.878049,False,1.336877,0.971131,0.545455,0.545455,1.313629,4.878049,0.575477,0.547001,0.744186,0.770833,1.669449,1.591353,4.287245,37.256441,37.476762,3.409341,1.578248,7.315179,0.470457,0.348477,0.965894,80.0,16.443595,8.32444,56.064902,紫金矿业
cup_v3_handle_prep,杯柄 V3 柄底预备,601916.SH,2024-05-16,0.52305,bottom_staging_handle_prep,3.696879,3.746836,3.684389,3.734347,cup_v3_bottom_staging,handle_prep,rolling_1m,2023-11-01,2024-04-29,2024-04-30,2024-05-09,2024-05-16,2024-05-16,2024-05-20,120,18.7251,17.703096,19.521912,3,33,10,0.671141,1.2183,8,1.694915,False,0.903149,1.011106,0.666667,0.666667,1.003344,1.694915,0.814982,0.681292,0.8,0.75,1.013514,1.545832,0.996678,3.718981,3.712857,0.749006,0.578806,2.08328,-0.142625,-0.129121,0.106814,91.0,18.650794,9.313591,55.426646,浙商银行
cup_v3_handle_prep,杯柄 V3 柄底预备,601939.SH,2024-06-07,0.657231,bottom_staging_handle_prep,14.966279,15.177072,14.755487,15.177072,cup_v3_bottom_staging,handle_prep,rolling_1m,2023-11-14,2024-05-15,2024-05-16,2024-05-30,2024-06-07,2024-06-07,2024-06-20,120,12.087912,11.870428,12.55887,3,29,8,0.420168,1.694122,15,2.428571,False,0.843283,0.973177,0.555556,0.555556,0.0,2.428571,0.838657,0.589538,1.176471,1.0,1.551481,1.209807,0.556328,15.072716,14.960314,0.272801,1.448888,1.654321,0.062595,-0.038623,0.084797,90.0,14.467409,4.673984,60.836885,建设银行
cup_v3_handle_prep,杯柄 V3 柄底预备,601939.SH,2024-06-19,0.534261,bottom_staging_handle_prep,14.966279,15.177072,14.818724,15.155993,cup_v3_bottom_staging,handle_prep,rolling_1m,2023-12-06,2024-06-06,2024-06-07,2024-06-18,2024-06-19,2024-06-19,2024-06-20,120,11.040373,10.813626,11.801242,2,26,6,0.685219,1.308836,6,2.418208,False,0.991206,0.876699,0.6,0.6,0.139082,2.418208,0.838775,0.630156,0.941176,0.909091,1.267606,1.209807,0.556328,14.960314,14.982445,1.448888,1.15834,1.654321,-0.038623,0.068107,0.084797,89.0,12.872841,3.876716,57.680598,建设银行
cup_v3_handle_prep,杯柄 V3 柄底预备,601998.SH,2023-01-13,0.546384,bottom_staging_handle_prep,8.529287,8.630425,8.394437,8.596712,cup_v3_bottom_staging,handle_prep,rolling_1m,2022-07-11,2023-01-03,2023-01-04,2023-01-12,2023-01-13,2023-01-13,,120,16.287703,13.453648,18.097448,3,33,15,1.556265,1.306165,6,2.208835,True,0.800019,0.868518,0.6,0.6,0.196078,2.208835,0.797981,0.777877,1.090909,0.714286,0.591716,,,8.460164,8.421574,1.414772,2.079639,,-0.231603,-0.429715,,86.0,15.858989,9.778474,58.977407,中信银行
cup_v3_handle_prep,杯柄 V3 柄底预备,603002.SH,2023-09-06,0.586589,bottom_staging_handle_prep,10.565656,10.875874,10.437919,10.82113,cup_v3_bottom_staging,handle_prep,rolling_1m,2023-03-06,2023-08-28,2023-08-29,2023-09-05,2023-09-06,2023-09-06,2023-09-06,120,16.701017,3.759825,20.38458,3,49,20,3.15641,1.599263,5,2.272727,False,0.760251,1.08955,0.75,0.5,0.0,2.272727,0.59387,0.796263,1.615385,0.85,2.772964,1.450605,2.772964,10.529564,10.46455,1.382586,3.407499,3.407499,0.67284,-0.803787,-0.803787,82.0,13.194732,11.570795,60.806577,宏昌电子
cup_v3_handle_prep,杯柄 V3 柄底预备,603038.SH,2023-07-24,0.608639,bottom_staging_handle_prep,26.888409,27.182271,26.33007,27.094112,cup_v3_bottom_staging,handle_prep,rolling_1m,2023-01-12,2023-07-13,2023-07-14,2023-07-21,2023-07-24,2023-07-24,2023-07-25,120,16.676141,11.748301,19.606855,3,38,18,2.511837,1.645445,5,2.678571,False,1.021184,1.53785,0.75,0.75,0.650759,2.678571,0.749862,0.481003,1.083333,0.785714,0.765027,1.737349,4.121475,26.261292,26.284482,2.947487,3.080259,6.556002,-2.327643,0.162871,0.966778,81.0,17.551779,9.979887,57.358038,华立股份
cup_v3_handle_prep,杯柄 V3 柄底预备,603089.SH,2023-10-20,0.559675,bottom_staging_handle_prep,20.945501,21.9263,20.531386,21.555776,cup_v3_bottom_staging,handle_prep,rolling_1m,2023-04-06,2023-09-27,2023-09-28,2023-10-19,2023-10-20,2023-10-20,2023-10-20,120,16.362487,8.02479,19.424981,4,33,9,2.631857,1.504875,9,3.078556,False,0.946785,0.974954,0.75,0.625,0.0,3.078556,0.492865,0.881395,1.62069,0.630435,2.593361,1.368914,2.593361,20.693188,21.086665,2.272575,2.224683,2.224683,1.925673,0.818413,0.818413,89.0,13.217682,11.560146,56.481076,正裕工业
cup_v3_handle_prep,杯柄 V3 柄底预备,603111.SH,2023-07-10,0.630733,bottom_staging_handle_prep,12.6235,12.932647,12.185542,12.881123,cup_v3_bottom_staging,handle_prep,rolling_1m,2022-12-20,2023-06-19,2023-06-20,2023-06-26,2023-07-10,2023-07-10,2023-06-28,120,14.919645,14.647031,16.094987,5,43,17,1.022751,1.55174,11,2.325581,False,1.514729,1.949282,0.0,0.0,0.0,2.325581,0.576186,0.91684,2.454545,0.857143,1.626016,1.778107,-1.0,12.304714,12.585705,1.334555,2.347249,2.508962,0.225914,0.443033,1.204375,77.0,20.192308,7.59244,59.349972,康尼机电
cup_v3_handle_prep,杯柄 V3 柄底预备,603111.SH,2023-12-29,0.527626,bottom_staging_handle_prep,14.143473,14.375333,13.911613,14.349571,cup_v3_bottom_staging,handle_prep,rolling_1m,2023-06-21,2023-12-15,2023-12-18,2023-12-21,2023-12-29,2023-12-29,2024-01-03,120,22.863535,12.031905,23.713647,3,46,23,0.691916,1.229814,8,2.407407,False,1.393146,1.927221,0.0,0.0,0.5386,2.407407,0.757873,0.681317,1.307692,0.928571,1.457195,2.52503,-1.870748,14.228735,14.193868,0.125005,1.096968,3.177145,0.694224,-0.306739,1.155901,86.0,13.211382,12.810127,58.815326,康尼机电
cup_v3_handle_prep,杯柄 V3 柄底预备,603337.SH,2023-11-17,0.57545,bottom_staging_handle_prep,47.931199,49.028503,47.931199,49.005156,cup_v3_bottom_staging,handle_prep,rolling_1m,2023-04-27,2023-10-26,2023-10-27,2023-11-08,2023-11-17,2023-11-17,2023-11-28,120,16.410741,9.976116,17.642073,4,38,13,1.057747,1.984647,14,3.061224,False,0.975868,0.68771,0.714286,0.571429,2.234903,3.061224,0.601894,0.654376,0.650794,0.978723,1.400966,2.560458,3.376129,48.751593,48.802464,1.573682,0.415331,2.941654,-0.54618,-0.117773,0.837431,75.0,11.158233,5.132627,51.607199,杰克科技
cup_v3_handle_prep,杯柄 V3 柄底预备,603587.SH,2023-02-01,0.626474,bottom_staging_handle_prep,23.35161,23.515953,22.544836,23.471132,cup_v3_bottom_staging,handle_prep,rolling_1m,2022-07-21,2023-01-13,2023-01-16,2023-01-20,2023-02-01,2023-02-01,2023-02-01,120,9.936013,7.011505,11.366741,5,40,13,1.301419,1.66212,6,2.650762,False,1.31206,0.86641,0.333333,1.0,0.0,2.650762,0.791166,0.550226,1.55,0.88,0.705128,1.242634,0.705128,22.827607,22.885141,1.379203,2.560575,2.560575,-1.681375,0.470126,0.470126,75.0,10.946328,7.492915,62.013074,地素时尚
cup_v3_handle_prep,杯柄 V3 柄底预备,603699.SH,2023-09-12,0.598973,bottom_staging_handle_prep,19.12966,20.261745,18.615076,19.927265,cup_v3_bottom_staging,handle_prep,rolling_1m,2023-03-06,2023-08-28,2023-08-29,2023-09-08,2023-09-12,2023-09-12,2023-09-12,120,23.136635,15.276275,24.48669,4,46,16,1.096388,1.44923,9,3.870076,True,0.639835,0.868768,0.714286,0.714286,0.0,3.870076,0.632945,0.487,1.821429,0.704545,3.890007,1.438481,3.890007,18.720811,18.938411,3.28342,5.221425,5.221425,-1.055937,0.804303,0.804303,89.0,19.779001,12.069315,62.708114,纽威股份
cup_v3_handle_prep,杯柄 V3 柄底预备,603729.SH,2023-07-14,0.65403,bottom_staging_handle_prep,21.757033,22.531556,21.16558,22.207665,cup_v3_bottom_staging,handle_prep,rolling_1m,2022-12-30,2023-07-03,2023-07-04,2023-07-07,2023-07-14,2023-07-14,2023-07-17,120,13.913624,12.468853,14.425646,3,34,16,0.449482,1.712538,7,2.59481,True,0.686005,0.887776,0.5,0.5,0.0,2.59481,0.740122,0.440472,1.897436,0.622951,2.071197,1.723013,1.902346,21.418533,21.281964,1.383164,4.349693,5.992356,0.324111,-0.463978,-0.023406,74.0,19.469697,8.192166,60.229842,龙韵股份
cup_v3_handle_prep,杯柄 V3 柄底预备,603766.SH,2022-10-25,0.496171,bottom_staging_handle_prep,15.87325,16.556638,15.686871,16.494512,cup_v3_bottom_staging,handle_prep,rolling_1m,2022-04-18,2022-10-14,2022-10-17,2022-10-20,2022-10-25,2022-10-25,2022-10-26,120,14.756465,14.572064,20.380231,5,28,8,4.90061,1.374687,5,5.544554,False,0.896074,1.147505,0.5,0.5,0.753296,5.544554,0.44708,0.785195,0.928571,0.923077,3.913894,1.613181,3.389831,15.711112,15.613081,5.38171,5.645465,8.72274,-0.629677,-0.19174,0.275207,81.0,42.562991,10.654994,59.519923,隆鑫通用
cup_v3_handle_prep,杯柄 V3 柄底预备,603898.SH,2023-02-07,0.537908,bottom_staging_handle_prep,40.128116,41.043835,39.670257,40.749497,cup_v3_bottom_staging,handle_prep,rolling_1m,2022-07-28,2023-01-20,2023-01-30,2023-02-03,2023-02-07,2023-02-07,2023-02-13,120,18.79655,11.607197,20.736966,5,40,13,1.633394,1.292648,5,1.566364,False,0.762918,1.325564,0.666667,0.666667,0.561798,1.566364,0.822162,0.827665,1.736842,0.678571,1.797386,1.212647,2.086677,40.086317,40.430756,0.512196,0.788361,2.082226,1.341912,0.639089,0.936826,80.0,17.436381,9.144263,56.988092,好莱客
cup_v3_handle_prep,杯柄 V3 柄底预备,603979.SH,2024-02-05,0.571731,bottom_staging_handle_prep,61.515786,64.123078,60.635825,63.878644,cup_v3_bottom_staging,handle_prep,rolling_1m,2023-08-01,2024-01-24,2024-01-25,2024-02-02,2024-02-05,2024-02-05,2024-02-05,120,12.826093,12.650877,14.055469,4,35,9,1.08962,1.63398,6,4.219296,False,0.817723,1.381561,0.8,0.6,0.0,4.219296,0.55976,0.548586,1.267516,0.928571,3.648863,1.71472,3.648863,61.568911,61.782111,2.639836,3.39343,3.39343,-0.517761,0.07904,0.07904,97.0,14.586378,7.535977,58.655468,金诚信
cup_v3_handle_prep,杯柄 V3 柄底预备,605177.SH,2023-09-27,0.582932,bottom_staging_handle_prep,29.166474,30.095672,28.815444,29.992428,cup_v3_bottom_staging,handle_prep,rolling_1m,2023-03-17,2023-09-08,2023-09-11,2023-09-22,2023-09-27,2023-09-27,2023-10-16,120,22.476955,16.991448,26.619526,5,46,14,3.382327,1.889213,11,4.58617,True,0.634613,0.883016,0.75,0.625,1.445783,4.58617,0.588371,0.516623,0.890625,0.90566,3.417586,1.802854,-2.571339,29.03977,29.571449,3.778266,1.423597,0.848114,0.239306,1.010485,7.258927,93.0,21.735333,13.189274,56.970131,东亚药业
cup_v3_handle_prep,杯柄 V3 柄底预备,605318.SH,2024-09-10,0.600417,bottom_staging_handle_prep,17.43778,17.644337,17.100765,17.644337,cup_v3_bottom_staging,handle_prep,rolling_1m,2024-03-05,2024-08-27,2024-08-28,2024-08-30,2024-09-10,2024-09-10,2024-09-02,120,16.711728,5.339932,18.678354,3,52,15,1.685029,1.368021,8,1.271456,True,0.817044,0.900416,1.0,1.0,0.0,1.271456,0.759261,0.748624,2.5,1.0,1.247661,1.48554,0.437227,16.812276,17.155579,3.009216,2.848973,3.070771,1.610825,1.223106,1.43152,94.0,10.093095,10.529346,63.21846,法狮龙
cup_v3_handle_prep,杯柄 V3 柄底预备,605488.SH,2023-07-25,0.569376,bottom_staging_handle_prep,24.019582,24.464105,23.37579,24.372135,cup_v3_bottom_staging,handle_prep,rolling_1m,2022-12-27,2023-06-28,2023-06-29,2023-07-14,2023-07-25,2023-07-25,,120,15.925088,13.833605,18.938807,4,45,22,2.599713,1.795374,17,3.606557,False,1.195463,1.129169,0.7,0.6,2.075472,3.606557,0.693108,0.565366,1.181818,0.793103,1.597444,,,23.938168,24.059438,1.172533,1.299684,,0.050223,0.404963,,69.0,9.944686,7.505129,57.355076,福莱新材
cup_v3_handle_prep,杯柄 V3 柄底预备,688122.SH,2025-07-11,0.663982,bottom_staging_handle_prep,74.816079,75.737166,73.835566,75.469754,cup_v3_bottom_staging,handle_prep,rolling_1m,2024-12-23,2025-06-24,2025-06-25,2025-07-10,2025-07-11,2025-07-11,2025-07-11,120,16.118072,15.455547,16.959169,5,28,7,0.724346,1.468594,11,0.724346,True,0.536072,0.608857,0.8,0.7,0.0,0.724346,0.653036,0.662955,3.055556,0.8125,0.873709,1.051996,0.873709,73.21327,74.047863,1.58048,1.920231,1.920231,-0.421962,0.222559,0.222559,66.0,24.46107,7.122135,56.383218,西部超导
cup_v3_handle_prep,杯柄 V3 柄底预备,688171.SH,2023-03-17,0.597812,bottom_staging_handle_prep,23.739528,23.981665,22.932404,23.880775,cup_v3_bottom_staging,handle_prep,rolling_1m,2022-09-06,2023-03-08,2023-03-09,2023-03-16,2023-03-17,2023-03-17,2023-03-17,120,16.616967,6.704323,18.508997,4,47,12,1.622432,1.885711,5,1.407831,True,0.664402,0.649051,0.75,0.5,0.0,1.407831,0.5131,0.680249,2.9375,0.795918,2.467532,1.314246,2.467532,22.773257,22.949397,2.116505,4.058398,4.058398,-0.12445,0.817096,0.817096,71.0,12.929389,10.856559,62.530019,纬德信息
cup_v3_handle_prep,杯柄 V3 柄底预备,688419.SH,2023-06-12,0.594517,bottom_staging_handle_prep,42.242599,43.481769,40.852311,43.01834,cup_v3_bottom_staging,handle_prep,rolling_1m,2022-11-23,2023-05-23,2023-05-24,2023-06-09,2023-06-12,2023-06-12,,120,23.891261,2.226416,25.916975,4,42,16,1.635075,1.493414,12,3.970407,False,0.955986,1.381355,0.818182,0.727273,2.576112,3.970407,0.49323,0.622721,1.335404,0.714286,1.812113,,,41.47877,42.026225,2.400129,2.360704,,-7.3092,2.261019,,69.0,9.656742,10.945566,53.966491,耐科装备
