date,active_trades,portfolio_return,equity,drawdown
2022-04-07,1,-0.0027472527472527375,0.9972527472527473,0.0
2022-04-08,1,-0.030303030303030276,0.967032967032967,-0.030303030303030276
2022-04-11,1,-0.008522727272727182,0.9587912087912089,-0.03856749311294749
2022-04-13,1,-0.007792207792207684,0.9513201084629659,-0.046059174984794504
2022-04-14,2,0.01124374004097417,0.9620165044582748,-0.035333312333851175
2022-04-15,2,-0.01513416651478705,0.9474571864898299,-0.04993273861625869
2022-04-18,1,0.01494075218959301,0.9616129095234235,-0.03573801910047891
2022-04-19,2,0.02486880916449452,0.985527077460476,-0.01175797191291117
2022-04-20,2,-0.011753272737666465,0.9739439089287276,-0.023373049999843354
2022-04-21,2,-0.041554054054054046,0.9334725910914866,-0.06395585907079582
2022-05-31,1,0.023894862604540323,0.955777790400722,-0.04158921293150741
2022-06-01,1,-0.024504084014002503,0.932357331126025,-0.06507419137776005
2022-06-02,1,0.0,0.932357331126025,-0.06507419137776005
2022-06-06,1,-0.02751196172248782,0.9067063519204049,-0.09079583443794104
2022-06-08,1,0.008547008547008739,0.9144559788598957,-0.08302485866390619
2022-06-09,1,0.011864406779660719,0.9253054565751824,-0.07214549258025793
2022-06-10,1,-0.015075376884422065,0.9113561280840993,-0.08613324897352026
2022-06-15,1,-0.007894736842105288,0.9041612112834353,-0.09334798648162412
2022-06-16,1,-0.0053050397877983935,0.8993646000829927,-0.09815781148702662
2022-06-23,1,0.0036166365280287938,0.9026172749476689,-0.09489617608553313
2022-06-24,1,0.02950450450450459,0.929248550402206,-0.06819153623580443
2022-06-27,1,-0.022480857580398084,0.9083582460838227,-0.08913938960189682
2022-07-04,1,0.00687757909215958,0.9146055517652795,-0.08287487371195112
2022-07-05,2,0.022435787589725975,0.9351254476530695,-0.06229844918535177
2022-07-06,2,-0.006506758849356031,0.9290408118712948,-0.0683998470491699
2022-07-07,2,0.012255643955476014,0.9404268052816958,-0.056982487265737625
2022-07-08,2,-0.006339418526031093,0.9344650461699168,-0.06296066995633687
2022-07-11,2,-0.0007994191024859876,0.933718016961403,-0.06370975709655458
2022-07-12,4,-0.005619858514081366,0.9284706538140313,-0.06897157578978685
2022-07-13,3,0.0016909483563123384,0.9300406497399824,-0.06739725480618852
2022-07-14,4,-0.014448813482372952,0.9166026658608645,-0.08087225792464281
2022-07-15,4,-0.012252388182893148,0.9053720941892626,-0.0921337678102161
2022-07-18,2,0.018981018981019004,0.922556979093954,-0.07490154162479545
2022-07-19,3,0.011850027367268848,0.9334893045440822,-0.06393909957563104
2022-07-20,3,0.01570400057170492,0.9481488211163228,-0.0492391986602162
2022-07-21,2,-0.02267613243873584,0.9266484728770578,-0.07079877650895583
2022-07-22,2,0.01692445399212328,0.942331492323137,-0.05507255315255688
2022-07-25,2,0.025242873068960003,0.9661186465727336,-0.031219869552410406
2022-07-26,2,-0.0036404248589954613,0.9626015642350112,-0.03474664082219259
2022-07-27,1,-0.004024144869215207,0.9587279160891964,-0.03863096017502077
2022-07-28,1,-0.008080808080808022,0.9509806197975665,-0.04639959888067713
2022-07-29,1,-0.006109979633401319,0.9451701475788441,-0.0522260779099194
2022-08-01,1,-0.006147540983606592,0.9393596753601217,-0.05805255693916178
2022-08-03,2,-0.02554528887743579,0.9153634610932331,-0.08211487647951288
2022-08-04,1,0.00592405555016029,0.9207861250853364,-0.07667727401911173
2022-08-05,2,-0.003003191532203353,0.9180208279915099,-0.07945018901126832
2022-08-08,2,0.01627652691511383,0.9329630187069486,-0.06446683523600738
2022-08-09,2,0.046269572310506435,0.9761308185640382,-0.021180115820082945
2022-08-10,2,-0.01603823025635359,0.9604754077355853,-0.03687865450205774
2022-08-11,2,0.0030083777608531093,0.9633648805920634,-0.03398122166525874
2022-08-12,1,-0.018595041322314154,0.9454510708289877,-0.051944380766524745
2022-08-23,1,0.019047619047619202,0.9634596626543019,-0.03388617849541076
2022-08-24,1,0.0,0.9634596626543019,-0.03388617849541076
2022-08-25,1,-0.009345794392523366,0.9544553667416449,-0.04291527963096764
2022-08-31,1,-0.016506189821182793,0.9387009452823607,-0.058713101700332504
2022-09-01,1,-0.0181818181818183,0.9216336553681358,-0.07582740894214479
2022-10-13,1,0.04800817160367732,0.9658796020507736,-0.03145957259922427
2022-10-14,1,0.10038986354775825,1.0628441235042139,0.0
2022-10-17,1,0.0726306465899027,1.1400391794186033,0.0
2022-10-18,1,-0.01156069364161838,1.1268595357259028,-0.01156069364161838
2022-11-08,1,-0.006451612903225712,1.1195894742050907,-0.017937721424575614
2022-11-09,1,-0.012987012987012991,1.105049351163466,-0.030691776990490305
2022-11-10,1,-0.009868421052631637,1.0941442588822476,-0.04025731866492621
2022-11-11,1,-0.0033222591362125353,1.0905092281218416,-0.04344583255640477
2022-11-14,1,-0.016666666666666607,1.0723340743198109,-0.059388402013798025
2022-11-15,1,0.0,1.0723340743198109,-0.059388402013798025
2022-11-16,1,0.004122011541632276,1.0767542477506427,-0.055511190150705825
2022-11-17,1,0.009852216748768461,1.0873626639846392,-0.04620588167928408
2022-11-18,1,0.042276422764227606,1.1333324676652905,-0.00588287830312384
2022-11-21,1,-0.044360374414976644,1.0830574150630088,-0.049982286033936174
2022-11-28,1,0.013495276653171517,1.0976735745105528,-0.037161534158550724
2022-11-29,1,0.015978695073235683,1.1152129658476055,-0.021776631908088206
2022-11-30,2,0.0016025848980704138,1.1170001893048054,-0.020208945911444398
2022-12-01,2,-0.012289780077619605,1.10327250263159,-0.03225036248821167
2022-12-02,2,-0.002456896551724208,1.1005618762242622,-0.03462802323554681
2022-12-05,1,0.01995012468827939,1.122518222882103,-0.015368731928525281
2022-12-06,1,-0.0024449877750610804,1.119773679549873,-0.017776143341902806
2022-12-07,1,-0.007352941176470562,1.1115400495531826,-0.024998377582035936
2022-12-08,2,0.016259581564159575,1.1296132256507225,-0.009145259177143261
2022-12-09,2,0.009700224248117228,1.1405707272531735,0.0
2022-12-12,1,0.005353319057815886,1.146676566264165,0.0
2022-12-13,1,0.0010649627263046302,1.1478977340663632,0.0
2022-12-14,1,0.02234042553191462,1.1735422579125263,0.0
2022-12-15,1,-0.02899063475546304,1.1395205229432828,-0.02899063475546315
2022-12-16,1,0.036312849162011274,1.1808997598099384,0.0
2022-12-19,1,-0.07277628032345018,1.0949582678561154,-0.07277628032345018
2022-12-23,1,0.0072727272727273196,1.1029216007132507,-0.06603283508943891
2022-12-26,1,-0.0072202166064982976,1.0949582678561152,-0.0727762803234504
2022-12-27,2,0.018476212906264666,1.1151889499364998,-0.05564469746696754
2022-12-28,2,-0.01774990066413129,1.09539445685339,-0.0724069102785746
2022-12-29,1,-0.0191256830601092,1.0744442896458115,-0.09014776172133399
2023-01-11,1,-0.0016137708445400634,1.0727103827770985,-0.09161605473630774
2023-01-12,1,-0.0037715517241380114,1.0686646000834348,-0.09504207177124624
2023-01-13,3,0.00012295380761954502,1.0687959964650833,-0.09493080374823504
2023-01-16,5,0.002434322568649838,1.0713977906805607,-0.09272757337760973
2023-01-17,7,-0.001144537293781183,1.070171535952652,-0.09376598050549845
2023-01-18,5,0.004939041883021788,1.07545715799074,-0.08929005272739587
2023-01-19,6,0.017627467716421614,1.0944147443236163,-0.07323654253282397
2023-01-20,6,0.0031221225335364053,1.0978316412579037,-0.07034307345900748
2023-01-30,7,0.007430749907346791,1.1059893536244632,-0.06343502533824874
2023-01-31,9,-0.0010112551367553611,1.1048709162094137,-0.06438213147978056
2023-02-01,8,0.024072384208218472,1.1314677934048931,-0.041859578676687326
2023-02-02,8,-0.014494629625724037,1.115067586806054,-0.05574746921320395
2023-02-03,7,0.004403573014716785,1.1199778683408985,-0.05158938424955317
2023-02-06,7,-0.007853536245136421,1.1111820815581326,-0.059037761395621446
2023-02-07,5,0.00019779817202605354,1.1114018713426528,-0.05885164078488003
2023-02-08,5,-0.010020778474308111,1.1002647593939965,-0.06828268000403348
2023-02-09,3,0.003929328605615605,1.1045880611868342,-0.06462165648622564
2023-02-10,3,-0.001162089700643539,1.103304430777475,-0.06570865002542814
2023-02-13,3,-0.0011209487400351363,1.10206768306592,-0.0667559427370078
2023-02-14,2,0.01217596229379414,1.1154864176201396,-0.05539279828486621
2023-02-15,2,-0.003450920245398781,1.1116369629581069,-0.058652562401214414
2023-02-16,1,-0.030888030888030826,1.07730068610998,-0.08772893113013436
2023-02-17,1,-0.005577689243027928,1.0712918376615579,-0.09281729565769536
2023-02-21,2,0.002152357146352646,1.073597640304178,-0.09086471448095668
2023-02-22,4,0.0012943836316355872,1.0749872875167503,-0.08968794464843854
2023-02-23,4,-0.0058133599734765395,1.0687379994475044,-0.0949799163143924
2023-02-24,3,-0.00380404040752913,1.0646724769125442,-0.09842264928235789
2023-02-27,1,0.008765813328020622,1.0740051971006408,-0.09051959052519576
2023-02-28,1,-0.014515651229386695,1.0584153122409792,-0.10372129094909177
2023-03-01,3,-0.008336440816808252,1.0495918956308785,-0.1111930653624601
2023-03-02,10,0.010137390759439502,1.0602320188148295,-0.10218288215633975
2023-03-03,10,0.015052040877590156,1.0761906745017602,-0.08866890219795687
2023-03-06,12,-0.00024177601056073658,1.0759304774138765,-0.08888924019508349
2023-03-07,13,-0.008373013624060843,1.0669216968679478,-0.0965179829999584
2023-03-08,7,-0.005220531086796131,1.0613517989822714,-0.10123463895606843
2023-03-09,3,-0.0019646365422396985,1.059266628453819,-0.10300038622727459
2023-03-10,2,-0.007984231906555672,1.0508091980413683,-0.11016223916372692
2023-03-13,2,0.007616302122962493,1.0588124783672392,-0.10338496593677748
2023-03-14,5,0.004058894531655621,1.0631100865457326,-0.0997457000780182
2023-03-15,5,1.748571180433256e-05,1.0631286757823222,-0.09972995849077915
2023-03-16,5,0.0119204017738338,1.0758015967349313,-0.08899837789104337
2023-03-17,5,0.0035970605789288125,1.0796713202492951,-0.08572144986881503
2023-03-20,9,-0.00989449124106249,1.068988521827862,-0.09476777097497935
2023-03-21,9,0.0164381875913612,1.0865607556826804,-0.07988739378052001
2023-03-22,8,0.016475322979152746,1.1044621950690248,-0.0647282414158642
2023-03-23,10,0.005696201675478396,1.1107534344750796,-0.059400744857589505
2023-03-24,11,0.010561591265165406,1.122484758246384,-0.04946651998045637
2023-03-27,10,0.0016484491136987244,1.1243351172512557,-0.04789961390777708
2023-03-28,6,-0.01719560301677181,1.1050014969171875,-0.0642715541791341
2023-03-29,1,-0.0023866348448687846,1.1023642618410128,-0.06650479629326511
2023-03-30,2,-0.002078362386725263,1.1000731494227323,-0.06844493761283765
2023-03-31,3,-0.016584988079821783,1.0818284493526242,-0.08389476721822642
2023-04-03,3,0.0034162274182089427,1.0855242213631011,-0.08076514340403262
2023-04-04,6,-0.000697102806164677,1.0847674993822292,-0.08140594460209005
2023-04-06,7,0.0010962219098518927,1.0859566452821472,-0.0803989616723032
2023-04-07,8,0.00461876849044815,1.0909724276173691,-0.07615153737269187
2023-04-10,10,-0.01578548302301075,1.0737509008826422,-0.09073493159532986
2023-04-11,6,-0.003868705605863184,1.0695968747530968,-0.09425261046268263
2023-04-12,3,0.014113062975149063,1.08469216280451,-0.08146974051456546
2023-04-13,4,-0.003131954166853995,1.0812949566654606,-0.08434653518814239
2023-04-14,5,0.0006963546278964782,1.0820479214126557,-0.0837089156603712
2023-04-17,7,0.0013346003814756718,1.0834920229813478,-0.08248603322966885
2023-04-18,9,-0.0048377230736714365,1.078250388621632,-0.08692471171712968
2023-04-19,8,0.009390193337232594,1.0883753682367354,-0.07835075822870397
2023-04-20,9,0.009247004632261037,1.0984395803084592,-0.06982826342072501
2023-04-21,10,-0.015418016736264705,1.0815038204754879,-0.08416966682290461
2023-04-24,5,0.003179569249124059,1.084942536765882,-0.08125772085811955
2023-04-25,3,0.0034634370599713935,1.0887001669556562,-0.0780757147999771
2023-04-26,3,0.012167678942500556,1.1019471210518192,-0.06685803608836904
2023-04-27,3,0.007999721454870897,1.1107623910782307,-0.05939316029922481
2023-04-28,3,0.011770966774393784,1.1238371382778587,-0.04832130844133953
2023-05-04,3,0.0013676307928826386,1.1253741325543527,-0.04701976335783353
2023-05-05,3,-0.014320331795517024,1.109258401582082,-0.06066675654111975
2023-05-08,2,0.023792637622424784,1.135650584760555,-0.038317541072805605
2023-05-09,2,-0.012477280783732336,1.1214807535422877,-0.05031672313763025
2023-05-29,1,0.0058651026392961825,1.1280583532698085,-0.04474673324400924
2023-05-30,1,-0.017492711370262315,1.1083255540872463,-0.06145670292487204
2023-05-31,1,-0.0029673590504453173,1.1050367542234858,-0.06424169787168266
2023-06-01,1,-0.013392857142856984,1.0902371548365644,-0.07677417513232954
2023-06-02,1,0.0015082956259424574,1.0918815547684444,-0.07538167765892445
2023-06-05,1,0.06777108433734935,1.1658795517030527,-0.012719291355688944
2023-06-06,2,-0.015360412615484653,1.1479711607289376,-0.027884330407773605
2023-06-07,3,-6.542618547581795e-05,1.1478960533548548,-0.027947932227876393
2023-06-08,3,-0.00273441748378637,1.1447572263169918,-0.030605928397143267
2023-06-09,3,0.012659652473441066,1.1592494549686252,-0.018333736340837126
2023-06-12,3,-0.008116023617561696,1.1498409590134544,-0.026300962921258275
2023-06-13,3,-0.004556791579794532,1.1446013734133191,-0.030737906494672673
2023-06-14,2,-0.0028571428571426694,1.1413310837749955,-0.03350722676183071
2023-06-15,3,0.019550595686924927,1.1636447863388002,-0.01461171731791644
2023-06-16,3,0.03860132335698774,1.208563015008937,0.0
2023-06-19,3,0.016994907998552782,1.2291024322594675,0.0
2023-06-20,2,-0.011627906976744207,1.2148105435122643,-0.011627906976744318
2023-06-21,2,-0.00717647058823534,1.2060924913764703,-0.018720930232558275
2023-06-28,1,-0.005030743432085094,1.200024949496991,-0.023657493467833413
2023-06-29,3,0.024489934471361385,1.229413481874171,0.0
2023-06-30,3,-0.009195284287500124,1.2181086754014527,-0.00919528428750016
2023-07-03,3,0.003151150225845593,1.2219471188290485,-0.006073109783813813
2023-07-04,4,0.018102856533116413,1.244067852212266,0.0
2023-07-05,4,-0.0014511273503726163,1.2422625513262013,-0.0014511273503726718
2023-07-06,2,0.04487636194953265,1.2980107752158658,0.0
2023-07-07,2,0.049672082910596216,1.3624856740612357,0.0
2023-07-10,1,-0.030000000000000027,1.3216111038393985,-0.030000000000000027
2023-07-12,1,-0.001571709233791685,1.3195339154640124,-0.031524557956778
2023-07-13,2,0.0007614771620517713,1.320538710405191,-0.030787086025654054
2023-07-14,3,0.01555263160111553,1.3410765624831351,-0.015713274631567464
2023-07-17,3,0.00732534115254857,1.3509004058150114,-0.008503038576318733
2023-07-18,4,0.021540516681037958,1.3799994985408903,0.0
2023-07-19,5,0.00914684739155409,1.392622143354465,0.0
2023-07-20,3,-0.015173944217775182,1.371490572634766,-0.01517394421777507
2023-07-21,1,-0.004579803068468169,1.365209415901838,-0.01968425360995396
2023-07-26,3,-0.007834581799858556,1.354513571059018,-0.027364617514736178
2023-07-27,4,-0.0016065505618177989,1.3523374765204432,-0.028927205434911785
2023-07-28,4,-7.3854216418201e-05,1.3522376006957817,-0.02899892325523956
2023-07-31,4,0.017296714087698783,1.3756268678536523,-0.012203795251937821
2023-08-01,3,0.008391670983181351,1.3871706759243043,-0.003914534503256961
2023-08-02,3,0.0054188421976487655,1.3946875349183439,0.0
2023-08-03,3,0.03210700697763347,1.4394667773335856,0.0
2023-08-04,3,-0.006643200086313768,1.4299041115141573,-0.006643200086313805
2023-08-07,2,0.0047880278336253634,1.4367505321995024,-0.001886980079606082
2023-08-08,1,-0.013107170393215184,1.417918798161421,-0.014969417503389204
2023-08-25,1,-0.010265183917878451,1.4033636009176769,-0.02508093759745189
2023-09-07,1,-0.01858108108108114,1.3772875880627875,-0.04319598774344524
2023-09-08,1,0.0223752151462997,1.4081046941640205,-0.0217872921163621
2023-09-11,1,-0.013468013468013629,1.3891403211786462,-0.03496187404072104
2023-09-12,1,0.006783493499151971,1.3985635455167713,-0.028415544186842556
2023-09-13,1,-0.005053340819764052,1.3914961272631774,-0.033325291577251503
2023-09-15,1,0.011152416356877248,1.4070146714333986,-0.022544532747257984
2023-09-18,1,-0.00367647058823517,1.4018418233766583,-0.02613811902392249
2023-09-19,2,-0.006111623616236184,1.3932742937826819,-0.03208999629464804
2023-09-20,1,0.0,1.3932742937826819,-0.03208999629464804
2023-09-21,2,0.009271761754816643,1.4061924010937452,-0.023115765340188443
2023-09-22,2,-0.010269284559087044,1.3917518111820877,-0.033147667527196
2023-09-25,1,0.0011904761904761862,1.393408658576352,-0.03199665284568076
2023-09-26,1,0.0047562425683707055,1.4000360481534093,-0.02739259411962003
2023-09-27,2,-0.0016390618674795854,1.3977413024537844,-0.028986757830626653
2023-09-28,2,0.005483850897326004,1.4054063073494751,-0.02366186599124076
2023-10-09,3,-0.005122359951125237,1.3982073103656494,-0.028663021347643536
2023-10-10,2,-0.0080026586905948,1.3870179344820985,-0.03643629966135198
2023-10-11,2,0.0,1.3870179344820985,-0.03643629966135198
2023-10-12,1,-0.005714285714285783,1.3790921177136293,-0.041942377949001464
2023-10-23,1,0.11589743589743606,1.538925358023004,0.0
2023-10-24,1,0.020220588235294157,1.5700433340124398,0.0
2023-10-25,1,-0.0504504504504506,1.490833940584785,-0.05045045045045049
2023-11-07,1,0.005813953488371881,1.499501579774231,-0.04492981353446501
2023-11-08,2,0.011014262447318623,1.5160174837140332,-0.03441041984512416
2023-11-09,2,-0.004074423897013624,1.5098405858500983,-0.038344641105214516
2023-11-10,2,0.011817831924698985,1.527683628126764,-0.026979959704309775
2023-11-13,2,-0.0013655856200738836,1.525597445332172,-0.02830870187938117
2023-11-14,4,-0.0003779098147267401,1.5250209070842589,-0.028675913557825505
2023-11-15,5,0.011437754309731329,1.542463721536692,-0.01756614730197581
2023-11-16,5,-0.008659027351916149,1.5291074859825675,-0.026073068903936347
2023-11-17,3,0.004005061190514063,1.5352316550308007,-0.022172431949807114
2023-11-20,2,0.013176144244105403,1.5554600887656032,-0.00928843486731501
2023-11-21,2,0.001803222781140701,1.5582649298328204,-0.007501961203528196
2023-11-22,3,-0.016950426898762732,1.5318516740507835,-0.02432522665731318
2023-11-23,2,0.011482198267939392,1.5494406986893094,-0.0131223354647656
2023-11-24,3,0.004192971310975069,1.5559374590869708,-0.008984385729927435
2023-11-27,2,-0.0030212842712842858,1.5512365297147295,-0.011978525617918567
2023-11-28,2,-0.0006074354127282855,1.5502942537130628,-0.01257868484999436
2023-11-29,2,-0.011363406927324793,1.532677629251028,-0.023799155062758093
2023-11-30,1,0.004712535344015167,1.5399004267498548,-0.019198774078133862
2023-12-01,1,-0.011257035647279645,1.5225657127526706,-0.030239688441231927
2023-12-04,2,0.012131676268298697,1.5410369870769975,-0.018474870283556433
2023-12-05,2,-0.012180468694589164,1.522266434298702,-0.030430306399020224
2023-12-06,1,0.01335311572700304,1.5425934341632248,-0.0174835300749715
2023-12-07,1,0.016105417276720324,1.5674375451087526,-0.0016596923455786117
2023-12-08,1,-0.025936599423631246,1.526783545379707,-0.027553244993676174
2023-12-11,1,-0.004940828402366759,1.5192399698744288,-0.03235793754060068
2023-12-13,2,-0.0017911126472077155,1.5165188399502434,-0.03409109347664174
2023-12-14,2,-0.02320720079712385,1.4813246827188968,-0.05650713542205965
2023-12-15,1,-0.00999565406345071,1.466517873634788,-0.06593796370771488
2023-12-18,1,0.012730465320456519,1.4851873285669253,-0.05404691934754091
2023-12-19,1,-0.000866926744690133,1.4838997799509157,-0.05486699137238049
2023-12-20,1,0.010845986984815648,1.4999941376510342,-0.04461609106188569
2023-12-21,1,-0.006437768240343478,1.490337523030963,-0.05076663124818259
2023-12-22,1,0.001295896328293633,1.492268845954977,-0.04953652321092328
2023-12-25,1,0.009490940465918918,1.5064318807310813,-0.0405157309376879
2023-12-26,1,0.005555555555555758,1.514800946735143,-0.035185262776230464
2023-12-27,1,0.0,1.514800946735143,-0.035185262776230464
2023-12-28,1,-0.010624734381640577,1.4987065890350246,-0.04543616308672527
2023-12-29,1,0.002577319587628857,1.502569234883053,-0.04297594701220653
2024-01-02,2,0.012250520664861986,1.5209764903453737,-0.03125190407430967
2024-01-03,3,-6.265725051983011e-05,1.5208811901403834,-0.031312603166446684
2024-01-04,5,0.00556998654859735,1.5293524779114802,-0.025917027396287873
2024-01-05,5,-0.00995462792126689,1.5141283430334038,-0.03561366095299945
2024-01-08,7,-0.00904064504444708,1.500439646132302,-0.04433233553003724
2024-01-09,4,0.004752659641781454,1.5075707250834038,-0.03979037239015526
2024-01-10,3,-0.0268548346750056,1.4670851625004107,-0.06557664319296641
2024-01-11,2,-0.009048941047805403,1.4538095953528345,-0.07403218506240561
2024-01-12,2,0.0034482758620689724,1.4588227318885338,-0.0708391925971037
2024-01-15,1,0.006849315068493178,1.4688146684083183,-0.0644750774779057
2024-01-16,1,0.011904761904762085,1.4863005573179413,-0.05333787601930928
2024-01-17,2,-0.014943006905732636,1.4640907578259452,-0.06748385467534812
2024-01-18,2,-0.009456191799145919,1.4502460348085862,-0.07630190620133825
2024-01-19,1,0.0999123575810692,1.5951435352189094,0.0
2024-01-22,2,-0.05071428452372817,1.514246972117632,-0.05071428452372817
2024-01-29,2,0.01545241922189261,1.537645751136275,-0.03604552368683456
2024-01-30,2,-0.013668165917041508,1.5166289538881106,-0.049221013405557845
2024-01-31,2,0.017700573679253262,1.543474156430496,-0.032391679900657167
2024-02-01,2,-0.02615562628266943,1.5031036232179413,-0.05770008150917716
2024-02-06,1,0.03140158284401329,1.550303456165556,-0.02811037255478066
2024-02-07,1,0.05420792079207937,1.6343421831210654,0.0
2024-02-08,1,-0.028633482038037172,1.587545275576662,-0.028633482038037172
2024-02-20,1,-0.0033035649459084437,1.5823007166542242,-0.03184245441640554
2024-02-21,1,-0.007503187033327308,1.5704284184341997,-0.03910672155864636
2024-02-22,1,-0.0055047891665749304,1.5617835410895218,-0.044396236468044914
2024-02-23,1,-0.01679028746448219,1.5355607464773318,-0.060441098359887535
2024-03-06,1,-0.018365472910927605,1.5073594471848186,-0.0776965419161798
2024-03-07,2,0.003626750987008265,1.5128262645476724,-0.0743515769392532
2024-03-08,2,0.014378876457844969,1.5345790065077864,-0.06104179262066378
2024-03-11,2,-0.011957761692762858,1.5162288764492495,-0.07226963110396967
2024-03-12,3,-0.005569301141316781,1.5077845412371431,-0.07743644090629664
2024-03-13,2,-0.017242567729561287,1.481786464163276,-0.09334380555879507
2024-03-14,2,0.007758623143238608,1.4932830869174711,-0.08630940182564273
2024-03-15,2,0.008948553271780568,1.506645810170601,-0.07813319283395448
2024-03-18,2,-0.005505635303353185,1.4983507678084766,-0.08320865527247734
2024-03-19,2,-0.0021006188453241426,1.4952033039487123,-0.08513448444844207
2024-03-20,1,-0.007146260123868431,1.4845181922006272,-0.09167235140093044
2024-03-21,1,-0.017994241842610337,1.4578054128304143,-0.10801701878215175
2024-03-27,1,-0.023672054922025842,1.4232961630322662,-0.12913208890305294
2024-04-12,2,0.013830188154297152,1.4429806167662915,-0.11708782183504263
2024-04-15,4,-0.0024076655706727623,1.4395064020161552,-0.11921357908833807
2024-04-16,5,-0.0046121290948735625,1.4328672126571598,-0.12327587976659427
2024-04-17,4,0.049267058872669744,1.5034603659798584,-0.0800822609199654
2024-04-18,4,0.0029089925501299407,1.5078339209839096,-0.07740622707024913
2024-04-19,4,0.01646341186342634,1.5326580118467128,-0.06221718580387414
2024-04-22,3,-0.0004207666613745831,1.532013120452039,-0.06261177354769787
2024-04-23,3,-0.014099292250867479,1.5104128197346223,-0.07582828410497122
2024-04-24,1,0.002396644697423511,1.5140327426099598,-0.07361337286256264
2024-04-25,1,0.028093245666467315,1.5565668363951766,-0.047588165764260615
2024-04-26,2,-0.0006357704534046826,1.555577217191847,-0.04819368106794064
2024-04-29,2,0.014825734795245626,1.5786397924674596,-0.034082453007014846
2024-04-30,4,-0.002543867615907913,1.5746239418222179,-0.03653961937444761
2024-05-06,5,0.014460758542433227,1.5973941984400435,-0.022607251445020626
2024-05-07,8,0.0009398264832722047,1.598895471811963,-0.02168867185537038
2024-05-08,7,-0.01217435077666448,1.5794299574829036,-0.03359897713298765
2024-05-09,6,0.010197916509013508,1.595536852321149,-0.023743700187564554
2024-05-10,5,0.008922039517028546,1.609772295168434,-0.015033502901889872
2024-05-13,5,0.00809978615832363,1.622811106522892,-0.007055484902282028
2024-05-14,5,-0.004459870849004966,1.615573578575469,-0.011483889199845776
2024-05-15,5,-0.004459488488528995,1.6083689467994402,-0.01589216541668448
2024-05-16,3,-0.0021591304037699897,1.604896268505926,-0.018016982562921502
2024-05-17,4,0.008574772590674629,1.6186578890399868,-0.009596701500494076
2024-05-20,4,-0.007491494657075104,1.6065317221126112,-0.017016302519552662
2024-05-21,4,0.007547514619883067,1.618657043772562,-0.009597218691712261
2024-05-22,4,0.006517531605831239,1.629206692214351,-0.0031422372620323324
2024-05-23,5,-0.012701356127875818,1.608513557810618,-0.015803682715404888
2024-05-24,4,-0.001356115141572023,1.6063322282194472,-0.017138366243553804
2024-05-27,3,0.018499725330326438,1.6360489332307584,0.0
2024-05-28,3,-0.010608185725602995,1.618693422290872,-0.010608185725602959
2024-05-29,3,-0.016250453991661806,1.5923889193053287,-0.026686251883195733
2024-05-30,1,-0.007414272474513317,1.5805825139722032,-0.03390266521492358
2024-06-21,1,0.001386962552011095,1.5827747227294462,-0.03256272438997887
2024-06-24,1,0.0041551246537396835,1.5893513490011753,-0.02854290191514497
2024-06-25,1,0.0041379310344829,1.5959279752729045,-0.024523079440310958
2024-06-26,2,0.0011080586080586263,1.5976963570037475,-0.02344219384152213
2024-06-27,2,0.01569793548521836,1.6227768913409608,-0.008112252402859843
2024-06-28,2,0.013384321223709361,1.6444966585290806,0.0
2024-07-01,2,0.016141979968795628,1.6710420906498082,0.0
2024-07-02,3,0.01540487005210515,1.6967842769078667,0.0
2024-07-03,3,-0.002572094377172318,1.6924199876099575,-0.002572094377172429
2024-07-04,3,0.0036082758007768647,1.6985267056960016,0.0
2024-07-05,3,-0.0068493529236670625,1.686892896838416,-0.0068493529236670625
2024-07-08,3,0.005361552028218641,1.6959372608708476,-0.0015245240575083585
2024-07-09,3,0.01392842739741651,1.7195589998794607,0.0
2024-07-10,3,-0.0027095726029432074,1.7148997299242428,-0.0027095726029432443
2024-07-11,2,-0.0004598910577136017,1.7141110628735752,-0.0031682175524465617
2024-07-12,2,0.009619199854890126,1.7305994397608344,0.0
2024-07-15,2,0.021755974227224528,1.7682503165699202,0.0
2024-07-16,2,-0.004671702374737796,1.7599895773668697,-0.004671702374737796
2024-07-17,2,-0.0020486514388953214,1.7563839721867562,-0.006710783123840991
2024-07-18,2,0.016265986127658838,1.7849532895131883,0.0
2024-07-19,2,-0.024252292634639128,1.7416640799967527,-0.024252292634639128
2024-08-01,1,0.0036339322053609013,1.747993169187973,-0.020706491616537148
2024-08-02,1,-0.02404194305245788,1.7059680169582705,-0.044250610376734056
2024-08-20,1,-0.00940438871473348,1.689924430591892,-0.05323884915062049
2024-08-21,1,0.0,1.689924430591892,-0.05323884915062049
2024-08-22,1,0.007911392405063333,1.7032940858972077,-0.04574865017238161
2024-08-23,1,-0.0031397174254318427,1.697946223775081,-0.048744729763677275
2024-08-26,1,-0.007874015748031482,1.6845765684697656,-0.056234928741916046
2024-08-27,1,-0.00793650793650802,1.6712069131644498,-0.06372512772015493
2024-10-28,1,0.026465028355387554,1.7154354515090666,-0.03894658667683193
2024-10-29,4,-0.02541854235378249,1.6718315828297035,-0.06337516356763406
2024-10-30,3,0.004553479611041504,1.6794442338552138,-0.05911026147174425
2024-10-31,2,0.05040618788350182,1.7640986154467835,-0.01168359653383011
2024-11-01,4,0.015954089586965425,1.7922432027978632,0.0
2024-11-04,4,0.008791540319524005,1.8079997811776534,0.0
2024-11-05,3,0.04038169555468022,1.881009877904098,0.0
2024-11-06,3,0.003935081218390664,1.888411804546246,0.0
2024-11-07,3,0.012879400622649917,1.9127334167175385,0.0
2024-11-08,2,-0.02698206740526332,1.8611239147393663,-0.02698206740526332
2024-11-11,2,-0.006947949526813824,1.848192919716611,-0.03374254688961631
2024-12-03,1,0.0,1.848192919716611,-0.03374254688961631
2024-12-04,1,-0.018018018018018056,1.8148921463883836,-0.05115259108980352
2024-12-05,1,0.012232415902140747,1.8370926619405352,-0.03954589495634531
2024-12-06,1,0.024169184290030232,1.8814936930448383,-0.016332502689429207
2024-12-09,1,0.008849557522123908,1.898144079708952,-0.0076274805893356
2024-12-10,1,-0.020467836257309968,1.8592931774926869,-0.0279391988228872
2024-12-11,1,-0.0029850746268658135,1.8537430486046487,-0.030840872856251922
2025-02-11,1,0.013903743315508033,1.879517016125355,-0.017365933120563448
2025-02-12,1,-0.007911392405063444,1.8646474194787932,-0.0251399368142301
2025-02-13,1,-0.019138755980861122,1.8289603875270461,-0.04379754567902938
2025-02-14,1,-0.0021680216802167918,1.8249951617546298,-0.04587061333067377
2025-02-17,1,0.015209125475285301,1.8527517421615447,-0.031359139769162936
2025-02-18,1,-0.046013911182450684,1.7674993880545926,-0.07593009427951725
2025-02-19,1,0.09723756906077341,1.9393667318654257,0.0
2025-02-20,1,0.045317220543806824,2.027253441768693,0.0
2025-02-21,1,0.0,2.027253441768693,0.0
2025-03-06,1,-0.005286343612334932,2.016536683486215,-0.005286343612335043
2025-03-07,1,0.015057573073516517,2.0469008319532356,0.0
2025-03-10,1,0.04537521815008727,2.1397794037347087,0.0
2025-03-11,1,-0.017529215358931594,2.1022707497460367,-0.017529215358931594
2025-03-21,1,0.10564663023679421,2.3243685703020844,0.0
2025-03-24,2,0.007535567769117568,2.3418840071840026,0.0
2025-03-25,1,0.09985022466300553,2.575721651436025,0.0
2025-03-26,1,-0.05991829323649556,2.4213888062296904,-0.05991829323649556
2025-05-08,1,0.0321229050279328,2.4991708488879065,-0.02972013785163452
2025-05-09,1,-0.021434370771312494,2.4456026942919875,-0.05051747616886049
2025-05-12,1,0.0,2.4456026942919875,-0.05051747616886049
2025-05-13,1,-0.0078125,2.426496423242831,-0.05793530838629135
2025-05-14,1,-0.005249343832020914,2.4137589092100606,-0.06288052986457837
2025-05-15,2,-0.0077630034329639885,2.3950208905115153,-0.07015539152833716
2025-05-16,1,-0.005450733752620729,2.3819662693053725,-0.075223726920426
2025-05-19,1,-0.008853288364249479,2.3608780350492964,-0.08341103793841553
2025-05-20,1,0.002552105487026779,2.3669032448367466,-0.0810718062189899
2025-05-21,1,-0.011030971574034876,2.340794002424462,-0.09120847700316737
2025-05-23,1,-0.012779552715654896,2.3108797020739895,-0.10282242617884574
2025-05-26,1,-0.0016181229773463146,2.3071404145301804,-0.10427416982580562
2025-05-27,1,0.027552674230145957,2.3707083027749345,-0.07959452782748888
2025-05-28,1,0.023659305993690927,2.4267976159320703,-0.057818373123091904
2025-05-29,1,-0.007704160246533087,2.408101178213025,-0.06507709135789086
2025-05-30,1,0.006211180124223503,2.423058328388261,-0.05927011677005167
2025-06-03,1,0.012345679012345734,2.452972628738734,-0.04765616759437319
2025-06-04,2,0.000895109286445428,2.4551683073181145,-0.04680371578609788
2025-06-05,2,-0.012449395111903627,2.4246029469940877,-0.05867043294747509
2025-06-06,2,-0.007134585844263186,2.407304409130505,-0.06538642955135443
2025-06-09,2,0.018315035877990105,2.4513942757529743,-0.04826894847653085
2025-06-10,2,0.001146620788621544,2.4542050953906602,-0.04717767386767757
2025-06-11,1,0.00340136054421758,2.4625527317695397,-0.04393678160192149
2025-06-12,2,0.0218836013327538,2.516442254012468,-0.023014675281588404
2025-06-13,3,-0.006576315980240814,2.4998933346040526,-0.02943963948499484
2025-06-16,3,-0.012377160898078129,2.4689517525736253,-0.04145242122838577
2025-06-17,2,-0.004430433517937704,2.458013225974852,-0.045699202549913664
2025-06-18,2,-0.0013566362395133202,2.4546785961552913,-0.04699384159513087
2025-06-19,2,-0.017755813225059647,2.4110937814744062,-0.06391524094609946
2025-06-20,1,0.017258883248730816,2.452706567550614,-0.04775946337867176
2025-06-23,1,-0.0029940119760478723,2.445363134713636,-0.0506104829493943
2025-06-24,1,0.014014014014014142,2.4796324879528666,-0.03730572495268902
2025-06-25,1,0.025008226390260013,2.5416436985762356,-0.013230448577698617
2025-06-26,2,0.0013163886093531252,2.5449894893900757,-0.011931476380149686
2025-06-27,2,0.008921724162959666,2.5676951836120456,-0.003116201558310605
2025-06-30,1,0.08970406905055506,2.798027889663558,0.0
2025-07-01,2,-0.005273516134528644,2.7832724444425563,-0.005273516134528644
2025-07-02,2,-0.008081314514854221,2.760779944438489,-0.0133122137069005
2025-07-03,6,0.004698177302954687,2.7737505781119025,-0.008676579544235619
2025-07-04,5,-0.007636026113524585,2.752570146265036,-0.016246351069784448
2025-07-07,5,0.028359094238015324,2.8306305424397142,0.0
2025-07-08,6,0.0046128718049398,2.843687878259136,0.0
2025-07-09,7,-0.006844161541673935,2.8242252190462307,-0.006844161541673888
2025-07-10,5,0.006600650047723633,2.8428669413731105,-0.00028868740915699576
2025-07-11,7,-0.009266614573704035,2.816523189143081,-0.00955262682790814
2025-07-14,6,0.006641544331068783,2.835229252763258,-0.002974526691394974
2025-07-15,6,-0.00824096099252003,2.811864239086384,-0.01119097472548014
2025-07-16,5,-0.0021394117555218807,2.8058485036783507,-0.013306444378118676
2025-07-17,6,0.011155050416003806,2.8371478851965515,-0.002299828020010497
2025-07-18,6,-0.0030612585126366296,2.8284626420813845,-0.005354046164543269
2025-07-21,3,0.014145377507017129,2.8684723139181205,0.0
2025-07-22,6,-0.007018484754838535,2.84833998471321,-0.007018484754838572
2025-07-23,6,0.004403682503098065,2.860883169666766,-0.002645709430253662
2025-07-24,5,0.007956723393131426,2.8836464257078696,0.0
2025-07-25,6,0.005371094801392491,2.8991347640340432,0.0
2025-07-28,6,0.011047324337514338,2.931162446070491,0.0
2025-07-29,6,-0.011563231602765123,2.89726873584125,-0.011563231602765178
2025-07-30,4,0.0034235632760933055,2.9071877186862496,-0.008179255781739947
2025-07-31,4,0.0026629305812220505,2.9149293577676922,-0.00553810599087079
2025-08-01,3,0.005257649036633394,2.930255033297414,-0.0003095743718650734
2025-08-04,2,0.01592981819627637,2.9769334632465654,0.0
2025-08-05,3,0.006401872040029917,2.9959914103499528,0.0
2025-08-06,4,0.007384855049971661,3.0181163726463476,0.0
2025-08-07,7,0.001776801553148363,3.023478966504848,0.0
2025-08-08,8,0.001128976419886879,3.026892402964056,0.0
2025-08-11,9,0.007657729082822103,3.050071524948807,0.0
2025-08-12,8,0.003108430305339527,3.059552459710411,0.0
2025-08-13,8,0.00633740559072167,3.0789420845736863,0.0
2025-08-14,8,-0.021011150626481706,3.014249968664495,-0.021011150626481734
2025-08-15,2,-0.003367003367003407,3.0041009788710116,-0.024307409378581224
2025-08-18,2,0.00551290366370516,3.02066229816357,-0.01892851012109431
2025-08-19,3,-0.017774550011392054,2.9669713850773354,-0.03636661438269784
2025-08-20,2,0.017900611714769532,3.020081987810437,-0.01911698731137368
2025-08-21,3,-0.015936435950826205,2.971952644645452,-0.034748766618339366
2025-08-22,4,-0.003188708897838094,2.962475952803518,-0.03782667181487254
2025-08-25,3,0.012689365711883541,3.0000678935813023,-0.025617302575311363
2025-08-26,3,0.014101090068057154,3.0423721211589787,-0.011877444398169401
2025-08-27,3,-0.001776451375830786,3.0369674950185566,-0.013632796071557651
2025-08-28,1,-0.01473684210526316,2.9922121845656515,-0.02816873381366103
2025-08-29,1,-0.00213675213675224,2.985818568786665,-0.03024529634824724
2025-09-01,1,-0.0005353319057813666,2.984220164841919,-0.030764436981893684
2025-09-02,1,-0.02678093197643283,2.9042999676045884,-0.05672146866422112
2025-09-09,1,0.07738264580369836,3.129042383305427,0.0
2025-09-10,2,-0.019524104103252615,3.0679506340702822,-0.01952410410325256
2025-09-11,2,-0.017879003173849717,3.0130987349465252,-0.037054035757873804
2025-09-12,2,0.0017940795375260832,3.018504473731439,-0.035326434107683435
2025-09-15,2,-0.006847667525373247,2.997834758671474,-0.041932197957430306
2025-09-16,2,0.011284092607597718,3.0316626037105983,-0.03112127215482452
2025-09-17,1,-0.012232415902140636,2.9945780458670437,-0.04297299971256363
2025-09-18,1,-0.015479876160990669,2.9482223485626005,-0.05778765915973749
2025-09-19,2,-0.006110837902162991,2.930206239691,-0.06354536604402994
2025-09-22,2,-0.020057518737554902,2.8714335731334977,-0.08232832241147181
2025-09-23,3,-0.003253260021820433,2.862092053084709,-0.08531374699332761
2025-09-24,1,0.023242187500000178,2.9286133332247646,-0.0640544375972738
2025-09-25,1,-0.010188967360183265,2.89877378756194,-0.07359075638350354
2025-09-26,1,0.0005321979776478081,2.900316509109339,-0.07309772325757669
2025-09-29,1,-0.0021276595744680327,2.8941456229197446,-0.07506985576128389
2025-09-30,2,-0.007417493278946863,2.872678317213444,-0.08193051888966996
2025-10-09,2,0.007159317324982761,2.8932447328589728,-0.07535776814801876
2025-10-10,2,-0.019184874964016718,2.8377381944187734,-0.09309691375254836
2025-10-13,1,0.05263157894736836,2.9870928362302878,-0.04536517237110349
2025-10-14,1,0.10000000000000009,3.285802119853317,0.0
2025-10-15,1,-0.030000000000000027,3.1872280562577173,-0.030000000000000027
2025-10-29,1,0.017438536306461083,3.242808648433739,-0.013084619782732787
2025-10-30,2,0.021854401942613455,3.313678292059593,0.0
2025-10-31,2,0.011474469305794543,3.351700991911108,0.0
2025-11-03,1,-0.009259674705552445,3.320665331015734,-0.009259674705552334
2025-11-05,1,0.006329113924050667,3.341682200199378,-0.0029891663176128125
2025-11-06,1,-0.02201257861635242,3.2681231580566235,-0.024935945675401472
2025-11-07,1,0.00643086816720273,3.289140027240268,-0.018665437287461728
2025-11-10,1,0.0031948881789136685,3.29964846183209,-0.015530183093491967
2025-11-11,3,0.019397746917299896,3.3636542076107667,0.0
2025-11-12,3,-0.005046057287878436,3.3466810157825493,-0.005046057287878436
2025-11-13,2,0.02516979864161084,3.4309163030674976,0.0
2025-11-14,2,-0.0018040854542754614,3.424726636870297,-0.0018040854542754614
2025-11-17,2,0.015037593984962405,3.4762262855450388,0.0
2025-11-18,2,-0.0030487804878048808,3.4656280346744746,-0.0030487804878048808
2025-11-19,1,-0.020981595092024352,3.3929136305113667,-0.023966407302109638
2025-12-12,1,0.0017765933821896063,3.3989414584136743,-0.022232392480527774
2025-12-15,1,-0.0011084016847704437,3.3951740659747327,-0.023316151744016245
2025-12-16,1,0.003994673768308976,3.408736678754925,-0.019414618395456995
2025-12-17,1,0.017683465959327904,3.469014957778,-0.0020744701796384657
2025-12-18,1,-0.00825369244135532,3.440382775242039,-0.010311040582152375
2025-12-19,1,0.003723171265878289,3.4531919095344428,-0.0066262590862908866
2025-12-22,1,-0.008291512109971588,3.424559726998482,-0.014862829488804574
2025-12-23,1,0.0033003300330034513,3.4358619043153094,-0.011611551698338496
2025-12-24,2,0.0013293282391868,3.440429292570662,-0.010297659022725059
2025-12-25,1,0.03499327052489898,3.560821165527374,0.0
2025-12-26,1,-0.011703511053315907,3.519147055657743,-0.011703511053315907
2025-12-29,2,-0.01751973684210517,3.4574925253339504,-0.029018205461638247
2025-12-30,1,0.005340453938584844,3.4759571049084976,-0.023832721912701693
2025-12-31,1,-0.014608233731739806,3.425179511078493,-0.03809280167227713
2026-01-05,1,0.005390835579514697,3.4436440906530397,-0.03290731812334069
2026-01-06,4,0.0057278907819373615,3.4633689078961645,-0.027367916865540298
2026-01-07,3,-0.012984886180003818,3.4183974568277686,-0.03999743376006126
2026-01-08,2,-0.02041037605342061,3.348626679233857,-0.05959144714926723
2026-01-09,3,0.02295454037473695,3.425492865542252,-0.038004801054107196
2026-01-12,3,0.021381308825006884,3.4987343863782683,-0.017436084617271197
2026-01-13,2,-0.0036620116685742166,3.4859219802301094,-0.021034245140522656
2026-01-14,1,0.009680324178298116,3.5196668350589917,-0.011557539274030582
2026-01-15,1,0.0401337792642138,3.660924366900823,0.0
2026-01-16,1,0.018435155412647397,3.7284140765585874,0.0
2026-01-19,3,-0.003013925550327904,3.7171769141110453,-0.0030139255503278672
2026-01-20,2,0.014578687245178523,3.7713684737768682,0.0
2026-01-21,2,0.00923754897165685,3.8062066747435446,0.0
2026-01-22,3,0.009115817694094233,3.8409033608965513,0.0
2026-01-23,4,0.0039115295456567944,3.855927167874711,0.0
2026-01-26,4,-0.007667623493720854,3.826361370132238,-0.007667623493720854
2026-01-27,1,-0.0071663183039714085,3.7989404466078502,-0.014778993167101295
2026-01-28,1,0.06977443609022549,4.064009374010262,0.0
2026-01-29,1,0.023896542029800516,4.161125144825802,0.0
2026-01-30,1,-0.01721581548599682,4.08948798211834,-0.01721581548599671
2026-02-13,1,-0.03274215552523885,3.9555893305892256,-0.049394288103099315
