strategy_id,strategy_name,symbol,name,entry_type,signal_date,entry_date,exit_date,score,entry_price,exit_price,stop_price,final_stop_price,stop_source,hold_days,return_pct,max_favorable_excursion_pct,max_adverse_excursion_pct,exit_reason,signal_close,signal_low
cup_v3_handle_breakout_confirm,杯柄 V3 柄部确认突破,000001.SZ,平安银行,bottom_staging_handle_breakout_confirm,2024-04-29,2024-04-30,2024-05-15,0.597129,10.8,10.83,10.45,10.45,signal_low,9,0.2777777777777768,2.8703703703703676,-0.8333333333333304,trend_exit_ma10,10.81,10.45
cup_v3_handle_breakout_confirm,杯柄 V3 柄部确认突破,000099.SZ,中信海直,bottom_staging_handle_breakout_confirm,2023-06-14,2023-06-15,2023-06-19,0.636897,9.5,9.64,8.29,8.29,signal_low,3,1.473684210526316,3.0526315789473513,-1.2631578947368327,trend_exit_ma10,9.52,8.29
cup_v3_handle_breakout_confirm,杯柄 V3 柄部确认突破,000155.SZ,川能动力,bottom_staging_handle_breakout_confirm,2024-11-06,2024-11-07,2024-11-13,0.463288,11.73,12.21,11.27,12.29,peak_drawdown,5,4.092071611253201,8.525149190110826,-0.4262574595055524,gap_stop,11.87,11.27
cup_v3_handle_breakout_confirm,杯柄 V3 柄部确认突破,000166.SZ,申万宏源,bottom_staging_handle_breakout_confirm,2023-03-01,2023-03-02,2023-03-07,0.53235,4.25,4.21,4.16,4.16,signal_low,4,-0.9411764705882342,1.17647058823529,-0.9411764705882342,trend_exit_ma10,4.25,4.16
cup_v3_handle_breakout_confirm,杯柄 V3 柄部确认突破,000403.SZ,派林生物,bottom_staging_handle_breakout_confirm,2024-05-06,2024-05-07,2024-05-09,0.606984,30.46,29.76,28.41,28.41,signal_low,3,-2.2980958634274407,0.06565988181221893,-5.449770190413661,trend_exit_ma10,30.34,28.41
cup_v3_handle_breakout_confirm,杯柄 V3 柄部确认突破,000429.SZ,粤高速Ａ,bottom_staging_handle_breakout_confirm,2022-05-30,2022-05-31,2022-06-06,0.544315,8.37,8.13,7.86,7.86,signal_low,4,-2.8673835125447855,3.1063321385902176,-3.703703703703687,trend_exit_ma10,8.38,7.86
cup_v3_handle_breakout_confirm,杯柄 V3 柄部确认突破,000547.SZ,航天发展,bottom_staging_handle_breakout_confirm,2025-08-06,2025-08-07,2025-08-13,0.569752,8.53,8.99,8.01,9.1,peak_drawdown,5,5.392731535756168,12.895662368112571,-1.289566236811246,gap_stop,8.53,8.01
cup_v3_handle_breakout_confirm,杯柄 V3 柄部确认突破,000581.SZ,威孚高科,bottom_staging_handle_breakout_confirm,2024-03-26,2024-03-27,2024-03-27,0.52998,17.32,16.91,16.91,16.91,signal_low,1,-2.3672055427251704,0.0,-3.4642032332563577,stop_loss,17.32,16.91
cup_v3_handle_breakout_confirm,杯柄 V3 柄部确认突破,000581.SZ,威孚高科,bottom_staging_handle_breakout_confirm,2024-04-12,2024-04-15,2024-04-23,0.557985,17.77,17.9477,16.88,17.9477,profit_lock,7,1.0000000000000009,7.934721440630277,-2.419808666291501,stop_loss,17.75,16.88
cup_v3_handle_breakout_confirm,杯柄 V3 柄部确认突破,000651.SZ,格力电器,bottom_staging_handle_breakout_confirm,2023-02-28,2023-03-01,2023-03-07,0.4972,35.52,36.24,34.54,35.87520000000001,profit_lock,5,2.0270270270270174,5.658783783783772,-0.3096846846847079,trend_exit_ma10,35.52,34.54
cup_v3_handle_breakout_confirm,杯柄 V3 柄部确认突破,000651.SZ,格力电器,bottom_staging_handle_breakout_confirm,2023-04-11,2023-04-12,2023-04-25,0.53874,39.42,41.29,36.5,41.29,peak_drawdown,10,4.743784880771185,8.117706747843734,-2.9680365296803735,stop_loss,39.4,36.5
cup_v3_handle_breakout_confirm,杯柄 V3 柄部确认突破,000729.SZ,燕京啤酒,bottom_staging_handle_breakout_confirm,2024-05-06,2024-05-07,2024-05-20,0.521931,10.1,10.06,9.27,9.27,signal_low,10,-0.3960396039603853,3.2673267326732702,-2.07920792079207,trend_exit_ma10,10.14,9.27
cup_v3_handle_breakout_confirm,杯柄 V3 柄部确认突破,000738.SZ,航发控制,bottom_staging_handle_breakout_confirm,2022-07-04,2022-07-05,2022-07-12,0.471457,28.7,28.58,27.53,27.53,signal_low,6,-0.4181184668989535,3.832752613240431,-2.6132404181184676,trend_exit_ma10,28.7,27.53
cup_v3_handle_breakout_confirm,杯柄 V3 柄部确认突破,000777.SZ,中核科技,bottom_staging_handle_breakout_confirm,2023-06-28,2023-06-29,2023-07-07,0.490102,13.24,13.38,12.61,12.61,signal_low,7,1.0574018126888296,4.8338368580060465,-0.3776435045317328,trend_exit_ma10,13.32,12.61
cup_v3_handle_breakout_confirm,杯柄 V3 柄部确认突破,000848.SZ,承德露露,bottom_staging_handle_breakout_confirm,2023-03-06,2023-03-07,2023-03-07,0.554285,9.35,9.1,8.94,8.94,signal_low,1,-2.67379679144385,0.10695187165774556,-2.67379679144385,trend_exit_ma10,9.35,8.94
cup_v3_handle_breakout_confirm,杯柄 V3 柄部确认突破,000869.SZ,张裕Ａ,bottom_staging_handle_breakout_confirm,2023-02-03,2023-02-06,2023-02-08,0.636875,31.24,30.59,29.84,29.84,signal_low,3,-2.0806658130601785,0.22407170294493906,-2.17669654289373,trend_exit_ma10,31.31,29.84
cup_v3_handle_breakout_confirm,杯柄 V3 柄部确认突破,000890.SZ,法尔胜,bottom_staging_handle_breakout_confirm,2025-09-29,2025-09-30,2025-10-15,0.550375,4.6,5.1216,4.05,5.1216,peak_drawdown,6,11.339130434782607,14.782608695652177,-6.304347826086953,stop_loss,4.56,4.05
cup_v3_handle_breakout_confirm,杯柄 V3 柄部确认突破,000893.SZ,亚钾国际,bottom_staging_handle_breakout_confirm,2025-09-08,2025-09-09,2025-09-10,0.55622,35.15,36.9279,32.1,36.9279,peak_drawdown,2,5.058036984352787,9.046941678520625,-0.540540540540535,stop_loss,35.15,32.1
cup_v3_handle_breakout_confirm,杯柄 V3 柄部确认突破,000917.SZ,电广传媒,bottom_staging_handle_breakout_confirm,2023-01-16,2023-01-17,2023-01-17,0.579286,5.23,5.17,5.09,5.09,signal_low,1,-1.147227533460815,0.19120458891013214,-1.7208413001912226,trend_exit_ma10,5.21,5.09
cup_v3_handle_breakout_confirm,杯柄 V3 柄部确认突破,000920.SZ,沃顿科技,bottom_staging_handle_breakout_confirm,2024-01-02,2024-01-03,2024-01-08,0.571677,10.03,9.68,9.42,9.42,signal_low,4,-3.489531405782653,1.1964107676969205,-3.7886340977068667,trend_exit_ma10,10.03,9.42
cup_v3_handle_breakout_confirm,杯柄 V3 柄部确认突破,000931.SZ,中关村,bottom_staging_handle_breakout_confirm,2025-07-21,2025-07-22,2025-07-23,0.566505,5.69,5.54,5.05,5.05,signal_low,2,-2.6362038664323406,0.35149384885764245,-2.987697715289994,trend_exit_ma10,5.71,5.05
cup_v3_handle_breakout_confirm,杯柄 V3 柄部确认突破,000988.SZ,华工科技,bottom_staging_handle_breakout_confirm,2025-07-28,2025-07-29,2025-08-07,0.542767,50.03,49.6,47.41,47.41,signal_low,8,-0.859484309414349,4.6372176693983524,-2.5584649210473764,trend_exit_ma10,50.42,47.41
cup_v3_handle_breakout_confirm,杯柄 V3 柄部确认突破,000997.SZ,新大陆,bottom_staging_handle_breakout_confirm,2023-03-22,2023-03-23,2023-03-30,0.487433,16.71,16.46,15.75,15.75,signal_low,6,-1.496110113704363,3.590664272890476,-2.333931777378817,trend_exit_ma10,16.86,15.75
cup_v3_handle_breakout_confirm,杯柄 V3 柄部确认突破,000997.SZ,新大陆,bottom_staging_handle_breakout_confirm,2023-04-03,2023-04-04,2023-04-17,0.523463,17.28,16.95,16.12,16.12,signal_low,9,-1.909722222222232,2.48842592592593,-2.893518518518523,trend_exit_ma10,17.27,16.12
cup_v3_handle_breakout_confirm,杯柄 V3 柄部确认突破,000999.SZ,华润三九,bottom_staging_handle_breakout_confirm,2022-06-22,2022-06-23,2022-06-27,0.487534,44.24,44.6824,40.05,44.6824,profit_lock,3,1.0000000000000009,8.612115732368885,-3.4810126582278444,stop_loss,44.49,40.05
cup_v3_handle_breakout_confirm,杯柄 V3 柄部确认突破,001208.SZ,华菱线缆,bottom_staging_handle_breakout_confirm,2025-08-21,2025-08-22,2025-08-22,0.48631,12.67,12.46,12.11,12.11,signal_low,1,-1.6574585635359074,0.23677979479084232,-2.2888713496448276,trend_exit_ma10,12.72,12.11
cup_v3_handle_breakout_confirm,杯柄 V3 柄部确认突破,001296.SZ,长江材料,bottom_staging_handle_breakout_confirm,2026-01-22,2026-01-23,2026-01-26,0.492518,29.2,29.492,27.39,29.492,profit_lock,2,1.0000000000000009,5.650684931506866,-1.3013698630136905,stop_loss,29.25,27.39
cup_v3_handle_breakout_confirm,杯柄 V3 柄部确认突破,001366.SZ,播恩集团,bottom_staging_handle_breakout_confirm,2025-07-15,2025-07-16,2025-07-31,0.642904,12.44,12.82,12.02,12.5644,profit_lock,12,3.0546623794212246,6.350482315112549,-0.4019292604501512,trend_exit_ma10,12.36,12.02
cup_v3_handle_breakout_confirm,杯柄 V3 柄部确认突破,001965.SZ,招商公路,bottom_staging_handle_breakout_confirm,2024-01-26,2024-01-29,2024-02-01,0.513133,10.11,10.2111,9.66,10.2111,profit_lock,4,1.0000000000000009,5.341246290801194,-0.1978239366963397,stop_loss,10.16,9.66
cup_v3_handle_breakout_confirm,杯柄 V3 柄部确认突破,001965.SZ,招商公路,bottom_staging_handle_breakout_confirm,2024-03-05,2024-03-06,2024-03-12,0.516543,10.89,10.37,10.2,10.2,signal_low,5,-4.775022956841147,3.0303030303030276,-5.417814508723595,trend_exit_ma10,11.01,10.2
cup_v3_handle_breakout_confirm,杯柄 V3 柄部确认突破,002009.SZ,天奇股份,bottom_staging_handle_breakout_confirm,2023-12-12,2023-12-13,2023-12-14,0.516455,15.72,14.91,14.11,14.11,signal_low,2,-5.152671755725191,4.707379134860057,-5.597964376590337,trend_exit_ma10,15.97,14.11
cup_v3_handle_breakout_confirm,杯柄 V3 柄部确认突破,002020.SZ,京新药业,bottom_staging_handle_breakout_confirm,2022-10-12,2022-10-13,2022-10-18,0.497916,9.79,11.97,9.37,11.989199999999999,peak_drawdown,4,22.267620020429035,36.05720122574056,-0.5107252298263476,gap_stop,9.87,9.37
cup_v3_handle_breakout_confirm,杯柄 V3 柄部确认突破,002021.SZ,中捷资源,bottom_staging_handle_breakout_confirm,2022-08-22,2022-08-23,2022-08-25,0.554492,2.1,2.12,1.88,2.121,profit_lock,3,0.952380952380949,7.14285714285714,-2.857142857142858,gap_stop,2.06,1.88
cup_v3_handle_breakout_confirm,杯柄 V3 柄部确认突破,002026.SZ,山东威达,bottom_staging_handle_breakout_confirm,2025-03-05,2025-03-06,2025-03-11,0.469256,11.35,11.77,10.65,11.98,peak_drawdown,4,3.7004405286343633,11.10132158590309,-1.1453744493391982,gap_stop,11.37,10.65
cup_v3_handle_breakout_confirm,杯柄 V3 柄部确认突破,002035.SZ,华帝股份,bottom_staging_handle_breakout_confirm,2023-03-03,2023-03-06,2023-03-08,0.619494,6.46,6.5246,6.2,6.5246,profit_lock,3,1.0000000000000009,5.263157894736836,-0.7739938080495334,stop_loss,6.48,6.2
cup_v3_handle_breakout_confirm,杯柄 V3 柄部确认突破,002057.SZ,中钢天源,bottom_staging_handle_breakout_confirm,2025-07-21,2025-07-22,2025-07-24,0.494284,10.48,10.11,9.1,10.66,peak_drawdown,3,-3.5305343511450427,10.019083969465647,-4.198473282442761,gap_stop,9.53,9.1
cup_v3_handle_breakout_confirm,杯柄 V3 柄部确认突破,002081.SZ,金螳螂,bottom_staging_handle_breakout_confirm,2023-02-21,2023-02-22,2023-02-24,0.54329,5.61,5.51,5.35,5.35,signal_low,3,-1.782531194295911,2.317290552584672,-2.317290552584672,trend_exit_ma10,5.65,5.35
cup_v3_handle_breakout_confirm,杯柄 V3 柄部确认突破,002152.SZ,广电运通,bottom_staging_handle_breakout_confirm,2023-03-13,2023-03-14,2023-03-28,0.527841,11.4,12.16,10.82,12.2996,peak_drawdown,11,6.666666666666665,11.228070175438587,-3.8596491228070184,gap_stop,11.46,10.82
cup_v3_handle_breakout_confirm,杯柄 V3 柄部确认突破,002160.SZ,常铝股份,bottom_staging_handle_breakout_confirm,2025-08-20,2025-08-21,2025-08-22,0.537573,4.65,4.46,4.46,4.46,signal_low,2,-4.086021505376348,0.21505376344086446,-4.086021505376348,stop_loss,4.62,4.46
cup_v3_handle_breakout_confirm,杯柄 V3 柄部确认突破,002162.SZ,悦心健康,bottom_staging_handle_breakout_confirm,2023-01-20,2023-01-30,2023-02-02,0.490907,4.96,5.07,4.75,5.0096,profit_lock,4,2.2177419354838745,5.040322580645151,-0.6048387096774244,trend_exit_ma10,5.2,4.75
cup_v3_handle_breakout_confirm,杯柄 V3 柄部确认突破,002162.SZ,悦心健康,bottom_staging_handle_breakout_confirm,2023-09-20,2023-09-21,2023-09-22,0.60015,4.57,4.45,4.45,4.45,signal_low,2,-2.6258205689277947,2.4070021881837933,-3.063457330415764,stop_loss,4.6,4.45
cup_v3_handle_breakout_confirm,杯柄 V3 柄部确认突破,002175.SZ,东方智造,bottom_staging_handle_breakout_confirm,2023-11-15,2023-11-16,2023-11-22,0.585938,3.15,3.11,3.07,3.07,signal_low,5,-1.2698412698412764,2.857142857142869,-1.2698412698412764,trend_exit_ma10,3.17,3.07
cup_v3_handle_breakout_confirm,杯柄 V3 柄部确认突破,002193.SZ,如意集团,bottom_staging_handle_breakout_confirm,2022-08-30,2022-08-31,2022-09-01,0.607621,7.27,7.02,6.65,6.65,signal_low,2,-3.438789546079779,2.475928473177458,-4.401650618982112,trend_exit_ma10,7.28,6.65
cup_v3_handle_breakout_confirm,杯柄 V3 柄部确认突破,002194.SZ,武汉凡谷,bottom_staging_handle_breakout_confirm,2023-04-04,2023-04-06,2023-04-11,0.518226,11.33,11.4433,10.81,11.4433,profit_lock,4,1.0000000000000009,5.560458958517223,-0.7943512797881747,stop_loss,11.43,10.81
cup_v3_handle_breakout_confirm,杯柄 V3 柄部确认突破,002204.SZ,大连重工,bottom_staging_handle_breakout_confirm,2025-08-15,2025-08-18,2025-08-21,0.518847,6.68,6.5,6.36,6.36,signal_low,4,-2.6946107784431073,1.1976047904191711,-2.9940119760478945,trend_exit_ma10,6.64,6.36
cup_v3_handle_breakout_confirm,杯柄 V3 柄部确认突破,002204.SZ,大连重工,bottom_staging_handle_breakout_confirm,2025-12-23,2025-12-24,2025-12-29,0.597491,7.37,7.4437,6.98,7.4437,profit_lock,4,1.0000000000000009,5.427408412483037,-0.9497964721845387,stop_loss,7.43,6.98
cup_v3_handle_breakout_confirm,杯柄 V3 柄部确认突破,002252.SZ,上海莱士,bottom_staging_handle_breakout_confirm,2023-05-26,2023-05-29,2023-06-21,0.595443,6.82,7.5950999999999995,6.37,7.5950999999999995,peak_drawdown,18,11.365102639296175,14.80938416422286,-3.2258064516129115,stop_loss,6.78,6.37
cup_v3_handle_breakout_confirm,杯柄 V3 柄部确认突破,002252.SZ,上海莱士,bottom_staging_handle_breakout_confirm,2023-06-06,2023-06-07,2023-06-21,0.606063,7.07,7.5950999999999995,6.6,7.5950999999999995,peak_drawdown,11,7.427157001414408,10.749646393210742,-2.1216407355021283,stop_loss,7.04,6.6
cup_v3_handle_breakout_confirm,杯柄 V3 柄部确认突破,002270.SZ,华明装备,bottom_staging_handle_breakout_confirm,2023-09-11,2023-09-12,2023-09-14,0.472809,12.38,12.19,11.77,11.77,signal_low,3,-1.5347334410339308,1.3731825525040486,-2.2617124394184285,trend_exit_ma10,12.39,11.77
cup_v3_handle_breakout_confirm,杯柄 V3 柄部确认突破,002272.SZ,川润股份,bottom_staging_handle_breakout_confirm,2025-07-25,2025-07-28,2025-07-29,0.500545,11.8,11.3,10.84,10.84,signal_low,2,-4.23728813559322,3.3898305084745672,-4.915254237288136,trend_exit_ma10,11.75,10.84
cup_v3_handle_breakout_confirm,杯柄 V3 柄部确认突破,002276.SZ,万马股份,bottom_staging_handle_breakout_confirm,2025-02-18,2025-02-19,2025-02-21,0.558212,9.05,10.38,8.57,10.38,peak_drawdown,3,14.696132596685075,20.22099447513812,-0.22099447513813653,stop_loss,9.03,8.57
cup_v3_handle_breakout_confirm,杯柄 V3 柄部确认突破,002338.SZ,奥普光电,bottom_staging_handle_breakout_confirm,2025-08-05,2025-08-06,2025-08-11,0.579431,49.6,49.88,46.68,50.0,profit_lock,4,0.5645161290322553,5.483870967741944,-1.2096774193548376,gap_stop,49.89,46.68
cup_v3_handle_breakout_confirm,杯柄 V3 柄部确认突破,002371.SZ,北方华创,bottom_staging_handle_breakout_confirm,2024-07-31,2024-08-01,2024-08-02,0.565117,343.98,336.93,324.3,324.3,signal_low,2,-2.0495377638234835,2.3751380894238006,-2.4129309843595625,trend_exit_ma10,342.6,324.3
cup_v3_handle_breakout_confirm,杯柄 V3 柄部确认突破,002381.SZ,双箭股份,bottom_staging_handle_breakout_confirm,2023-06-28,2023-06-29,2023-07-10,0.597447,7.55,7.6255,7.28,7.6255,profit_lock,8,1.0000000000000009,5.43046357615895,-0.6622516556291314,stop_loss,7.55,7.28
cup_v3_handle_breakout_confirm,杯柄 V3 柄部确认突破,002386.SZ,天原股份,bottom_staging_handle_breakout_confirm,2025-10-29,2025-10-30,2025-10-31,0.483467,5.45,5.8,5.29,5.8,peak_drawdown,2,6.422018348623837,10.275229357798166,-0.18348623853210455,stop_loss,5.46,5.29
cup_v3_handle_breakout_confirm,杯柄 V3 柄部确认突破,002404.SZ,嘉欣丝绸,bottom_staging_handle_breakout_confirm,2023-02-02,2023-02-03,2023-02-06,0.644458,7.08,6.93,6.88,6.88,signal_low,2,-2.1186440677966156,0.28248587570620654,-2.5423728813559254,trend_exit_ma10,7.11,6.88
cup_v3_handle_breakout_confirm,杯柄 V3 柄部确认突破,002443.SZ,金洲管道,bottom_staging_handle_breakout_confirm,2023-09-26,2023-09-27,2023-10-09,0.623026,6.87,6.87,6.62,6.62,signal_low,3,0.0,2.328966521106257,-0.8733624454148492,trend_exit_ma10,6.92,6.62
cup_v3_handle_breakout_confirm,杯柄 V3 柄部确认突破,002480.SZ,新筑股份,bottom_staging_handle_breakout_confirm,2025-07-21,2025-07-22,2025-07-30,0.500093,6.7,7.129499999999999,6.24,7.129499999999999,peak_drawdown,7,6.410447761194016,9.701492537313428,-2.23880597014926,stop_loss,6.73,6.24
cup_v3_handle_breakout_confirm,杯柄 V3 柄部确认突破,002486.SZ,嘉麟杰,bottom_staging_handle_breakout_confirm,2025-11-04,2025-11-05,2025-11-19,0.63447,3.16,3.1916,2.83,3.1916,profit_lock,11,1.0000000000000009,6.329113924050622,-2.2151898734177333,stop_loss,3.18,2.83
cup_v3_handle_breakout_confirm,杯柄 V3 柄部确认突破,002492.SZ,恒基达鑫,bottom_staging_handle_breakout_confirm,2023-02-06,2023-02-07,2023-02-13,0.623643,7.08,6.96,6.43,6.43,signal_low,5,-1.6949152542372947,3.248587570621453,-2.401129943502822,trend_exit_ma10,7.1,6.43
cup_v3_handle_breakout_confirm,杯柄 V3 柄部确认突破,002526.SZ,山东矿机,bottom_staging_handle_breakout_confirm,2022-07-13,2022-07-14,2022-07-20,0.482632,2.91,2.89,2.4,2.91,profit_lock,5,-0.6872852233676952,9.278350515463906,-8.247422680412376,gap_stop,3.02,2.4
cup_v3_handle_breakout_confirm,杯柄 V3 柄部确认突破,002533.SZ,金杯电工,bottom_staging_handle_breakout_confirm,2026-02-12,2026-02-13,2026-02-13,0.56589,14.66,14.18,13.5,13.5,signal_low,1,-3.2742155525238736,0.0,-3.4106412005457054,trend_exit_ma10,14.85,13.5
cup_v3_handle_breakout_confirm,杯柄 V3 柄部确认突破,002559.SZ,亚威股份,bottom_staging_handle_breakout_confirm,2025-03-21,2025-03-24,2025-03-24,0.638538,11.9,10.89,10.26,10.26,signal_low,1,-8.487394957983197,1.17647058823529,-8.487394957983197,trend_exit_ma10,12.1,10.26
cup_v3_handle_breakout_confirm,杯柄 V3 柄部确认突破,002692.SZ,远程股份,bottom_staging_handle_breakout_confirm,2022-06-14,2022-06-15,2022-06-16,0.546865,3.8,3.75,3.64,3.64,signal_low,2,-1.3157894736842035,0.5263157894736858,-2.1052631578947323,trend_exit_ma10,3.82,3.64
cup_v3_handle_breakout_confirm,杯柄 V3 柄部确认突破,002767.SZ,先锋电子,bottom_staging_handle_breakout_confirm,2025-03-20,2025-03-21,2025-03-26,0.478802,16.47,20.71,15.17,21.3691,peak_drawdown,4,25.743776563448705,47.11596842744385,-0.6071645415907545,gap_stop,16.55,15.17
cup_v3_handle_breakout_confirm,杯柄 V3 柄部确认突破,002785.SZ,万里石,bottom_staging_handle_breakout_confirm,2023-11-07,2023-11-08,2023-11-16,0.616789,26.99,28.615,24.56,28.615,peak_drawdown,7,6.020748425342726,9.299740644683219,-2.3712486105965103,stop_loss,26.86,24.56
cup_v3_handle_breakout_confirm,杯柄 V3 柄部确认突破,002807.SZ,江阴银行,bottom_staging_handle_breakout_confirm,2022-07-12,2022-07-13,2022-08-01,0.57102,4.73,4.85,4.34,4.7773,profit_lock,14,2.5369978858350795,6.1310782241014605,-5.496828752642724,trend_exit_ma10,4.74,4.34
cup_v3_handle_breakout_confirm,杯柄 V3 柄部确认突破,002826.SZ,易明医药,bottom_staging_handle_breakout_confirm,2022-11-14,2022-11-15,2022-11-21,0.517566,12.13,12.2513,10.73,12.2513,profit_lock,5,1.0000000000000009,15.828524319868098,-3.544929925803808,stop_loss,12.4,10.73
cup_v3_handle_breakout_confirm,杯柄 V3 柄部确认突破,002884.SZ,凌霄泵业,bottom_staging_handle_breakout_confirm,2024-03-06,2024-03-07,2024-03-19,0.580934,18.78,18.74,17.38,17.38,signal_low,9,-0.21299254526092604,3.833865814696469,-2.6624068157614533,trend_exit_ma10,18.67,17.38
cup_v3_handle_breakout_confirm,杯柄 V3 柄部确认突破,002932.SZ,明德生物,bottom_staging_handle_breakout_confirm,2025-07-21,2025-07-22,2025-07-25,0.555345,21.72,21.9372,19.88,21.9372,profit_lock,4,1.0000000000000009,7.182320441988965,-2.209944751381221,stop_loss,21.86,19.88
cup_v3_handle_breakout_confirm,杯柄 V3 柄部确认突破,002955.SZ,鸿合科技,bottom_staging_handle_breakout_confirm,2026-01-05,2026-01-06,2026-01-07,0.60958,30.51,29.72,29.2,29.2,signal_low,2,-2.5893149786955227,0.5244182235332628,-3.048180924287125,trend_exit_ma10,30.51,29.2
cup_v3_handle_breakout_confirm,杯柄 V3 柄部确认突破,002958.SZ,青农商行,bottom_staging_handle_breakout_confirm,2024-04-25,2024-04-26,2024-05-24,0.555452,2.78,2.88,2.71,2.8078,profit_lock,18,3.597122302158273,6.115107913669071,-1.7985611510791255,trend_exit_ma10,2.79,2.71
cup_v3_handle_breakout_confirm,杯柄 V3 柄部确认突破,002966.SZ,苏州银行,bottom_staging_handle_breakout_confirm,2022-11-25,2022-11-28,2022-12-02,0.591219,7.41,7.484100000000001,6.95,7.484100000000001,profit_lock,5,1.0000000000000009,5.668016194331993,-1.2145748987854255,stop_loss,7.47,6.95
cup_v3_handle_breakout_confirm,杯柄 V3 柄部确认突破,002966.SZ,苏州银行,bottom_staging_handle_breakout_confirm,2024-05-16,2024-05-17,2024-05-29,0.522864,7.9,7.979,7.32,7.979,profit_lock,9,1.0000000000000009,5.063291139240511,-2.0253164556962022,stop_loss,7.9,7.32
cup_v3_handle_breakout_confirm,杯柄 V3 柄部确认突破,002971.SZ,和远气体,bottom_staging_handle_breakout_confirm,2024-01-19,2024-01-22,2024-01-22,0.59528,28.0,26.0,26.0,26.0,signal_low,1,-7.14285714285714,0.0,-9.142857142857142,stop_loss,28.23,26.0
cup_v3_handle_breakout_confirm,杯柄 V3 柄部确认突破,002971.SZ,和远气体,bottom_staging_handle_breakout_confirm,2025-07-10,2025-07-11,2025-07-11,0.578123,23.54,22.88,21.74,21.74,signal_low,1,-2.8037383177570097,0.1699235344095218,-2.93118096856414,trend_exit_ma10,23.27,21.74
cup_v3_handle_breakout_confirm,杯柄 V3 柄部确认突破,002984.SZ,森麒麟,bottom_staging_handle_breakout_confirm,2024-04-12,2024-04-15,2024-04-19,0.536881,32.5,25.5,30.3,34.1537,peak_drawdown,5,-21.53846153846154,8.338461538461539,-23.015384615384615,gap_stop,32.18,30.3
cup_v3_handle_breakout_confirm,杯柄 V3 柄部确认突破,003022.SZ,联泓新科,bottom_staging_handle_breakout_confirm,2025-07-08,2025-07-09,2025-07-15,0.628752,16.08,15.82,15.48,15.48,signal_low,5,-1.6169154228855565,0.3731343283582156,-2.3631840796019876,trend_exit_ma10,16.0,15.48
cup_v3_handle_breakout_confirm,杯柄 V3 柄部确认突破,003023.SZ,彩虹集团,bottom_staging_handle_breakout_confirm,2025-07-16,2025-07-17,2025-07-18,0.61022,20.31,19.89,19.65,19.65,signal_low,2,-2.067946824224509,1.6740521910388884,-2.6587887740029514,trend_exit_ma10,20.29,19.65
cup_v3_handle_breakout_confirm,杯柄 V3 柄部确认突破,300001.SZ,特锐德,bottom_staging_handle_breakout_confirm,2023-04-20,2023-04-21,2023-04-24,0.553197,21.0,21.06,17.15,21.06,profit_lock,2,0.28571428571428914,5.666666666666664,-2.3809523809523836,gap_stop,20.95,17.15
cup_v3_handle_breakout_confirm,杯柄 V3 柄部确认突破,300045.SZ,华力创通,bottom_staging_handle_breakout_confirm,2023-03-13,2023-03-14,2023-03-15,0.560817,8.9,9.0,8.1,9.16,peak_drawdown,2,1.1235955056179803,8.764044943820215,-2.696629213483148,gap_stop,8.9,8.1
cup_v3_handle_breakout_confirm,杯柄 V3 柄部确认突破,300050.SZ,世纪鼎利,bottom_staging_handle_breakout_confirm,2023-04-19,2023-04-20,2023-04-21,0.584967,4.46,4.31,4.31,4.31,signal_low,2,-3.363228699551579,2.0179372197309364,-4.484304932735428,stop_loss,4.46,4.31
cup_v3_handle_breakout_confirm,杯柄 V3 柄部确认突破,300092.SZ,科新机电,bottom_staging_handle_breakout_confirm,2025-07-01,2025-07-02,2025-07-03,0.557579,14.21,13.78,13.33,13.33,signal_low,2,-3.0260380014074717,1.9000703729767698,-3.870513722730473,trend_exit_ma10,14.28,13.33
cup_v3_handle_breakout_confirm,杯柄 V3 柄部确认突破,300126.SZ,锐奇股份,bottom_staging_handle_breakout_confirm,2023-11-13,2023-11-14,2023-11-24,0.606603,7.2,7.18,6.98,6.98,signal_low,9,-0.2777777777777879,4.166666666666674,-0.9722222222222299,trend_exit_ma10,7.24,6.98
cup_v3_handle_breakout_confirm,杯柄 V3 柄部确认突破,300148.SZ,天舟文化,bottom_staging_handle_breakout_confirm,2023-04-17,2023-04-18,2023-04-20,0.52537,4.61,4.63,3.69,4.8,peak_drawdown,3,0.433839479392617,8.026030368763548,-5.639913232104132,gap_stop,4.66,3.69
cup_v3_handle_breakout_confirm,杯柄 V3 柄部确认突破,300163.SZ,先锋新材,bottom_staging_handle_breakout_confirm,2023-09-28,2023-10-09,2023-10-12,0.508388,3.59,3.48,3.32,3.32,signal_low,4,-3.064066852367686,0.278551532033422,-4.178272980501385,trend_exit_ma10,3.58,3.32
cup_v3_handle_breakout_confirm,杯柄 V3 柄部确认突破,300166.SZ,东方国信,bottom_staging_handle_breakout_confirm,2023-03-01,2023-03-02,2023-03-07,0.509704,10.09,9.45,9.18,9.18,signal_low,4,-6.342913776015868,2.4777006937561907,-6.442021803766107,trend_exit_ma10,10.16,9.18
cup_v3_handle_breakout_confirm,杯柄 V3 柄部确认突破,300166.SZ,东方国信,bottom_staging_handle_breakout_confirm,2023-03-22,2023-03-23,2023-03-27,0.536992,10.8,12.163799999999998,9.69,12.163799999999998,peak_drawdown,3,12.627777777777748,35.37037037037037,-1.85185185185186,stop_loss,10.8,9.69
cup_v3_handle_breakout_confirm,杯柄 V3 柄部确认突破,300182.SZ,捷成股份,bottom_staging_handle_breakout_confirm,2023-03-17,2023-03-20,2023-03-27,0.464921,5.89,6.2371,5.32,6.2371,peak_drawdown,6,5.893039049235993,9.507640067911716,-2.716468590831911,stop_loss,5.83,5.32
cup_v3_handle_breakout_confirm,杯柄 V3 柄部确认突破,300228.SZ,富瑞特装,bottom_staging_handle_breakout_confirm,2025-07-10,2025-07-11,2025-07-15,0.532131,8.21,7.94,7.66,7.66,signal_low,3,-3.2886723507917215,0.4872107186357999,-4.0194884287454435,trend_exit_ma10,8.2,7.66
cup_v3_handle_breakout_confirm,杯柄 V3 柄部确认突破,300233.SZ,金城医药,bottom_staging_handle_breakout_confirm,2025-09-09,2025-09-10,2025-09-16,0.584209,21.17,19.87,18.48,18.48,signal_low,5,-6.140765233821444,2.9759093056211494,-7.888521492678324,trend_exit_ma10,21.36,18.48
cup_v3_handle_breakout_confirm,杯柄 V3 柄部确认突破,300242.SZ,佳云科技,bottom_staging_handle_breakout_confirm,2023-01-18,2023-01-19,2023-02-02,0.570211,3.39,3.7247999999999997,3.3,3.7247999999999997,peak_drawdown,6,9.876106194690259,13.27433628318584,-0.8849557522124019,stop_loss,3.42,3.3
cup_v3_handle_breakout_confirm,杯柄 V3 柄部确认突破,300252.SZ,金信诺,bottom_staging_handle_breakout_confirm,2025-08-06,2025-08-07,2025-08-14,0.536358,12.34,12.18,11.6,11.6,signal_low,6,-1.296596434359809,4.132901134521871,-1.7828200972447417,trend_exit_ma10,12.34,11.6
cup_v3_handle_breakout_confirm,杯柄 V3 柄部确认突破,300270.SZ,中威电子,bottom_staging_handle_breakout_confirm,2023-04-07,2023-04-10,2023-04-10,0.490551,7.33,6.83,6.83,6.83,signal_low,1,-6.8212824010914,0.5457025920873049,-6.8212824010914,stop_loss,7.3,6.83
cup_v3_handle_breakout_confirm,杯柄 V3 柄部确认突破,300272.SZ,开能健康,bottom_staging_handle_breakout_confirm,2026-01-05,2026-01-06,2026-01-06,0.577392,7.63,7.56,7.32,7.32,signal_low,1,-0.9174311926605561,0.5242463958060384,-1.7038007863695914,trend_exit_ma10,7.64,7.32
cup_v3_handle_breakout_confirm,杯柄 V3 柄部确认突破,300321.SZ,同大股份,bottom_staging_handle_breakout_confirm,2023-09-11,2023-09-12,2023-09-13,0.543908,17.69,17.72,17.3,17.3,signal_low,2,0.16958733747878263,0.9044657998869443,-1.5262860373092102,trend_exit_ma10,17.66,17.3
cup_v3_handle_breakout_confirm,杯柄 V3 柄部确认突破,300373.SZ,扬杰科技,bottom_staging_handle_breakout_confirm,2024-03-11,2024-03-12,2024-03-21,0.504723,41.66,40.93,38.43,38.43,signal_low,8,-1.7522803648583718,3.6245799327892625,-3.5045607297167436,trend_exit_ma10,41.66,38.43
cup_v3_handle_breakout_confirm,杯柄 V3 柄部确认突破,300408.SZ,三环集团,bottom_staging_handle_breakout_confirm,2023-01-17,2023-01-18,2023-01-31,0.536343,33.32,33.6532,30.94,33.6532,profit_lock,5,1.0000000000000009,5.882352941176472,-1.7406962785114,stop_loss,33.48,30.94
cup_v3_handle_breakout_confirm,杯柄 V3 柄部确认突破,300469.SZ,信息发展,bottom_staging_handle_breakout_confirm,2023-03-14,2023-03-15,2023-03-22,0.62219,16.31,17.69,14.83,17.69,peak_drawdown,6,8.461066830165564,13.120784794604546,-1.7780502759043526,stop_loss,16.32,14.83
cup_v3_handle_breakout_confirm,杯柄 V3 柄部确认突破,300478.SZ,杭州高新,bottom_staging_handle_breakout_confirm,2023-09-18,2023-09-19,2023-09-19,0.568925,11.04,10.81,10.65,10.65,signal_low,1,-2.083333333333326,0.45289855072463414,-2.898550724637672,trend_exit_ma10,11.05,10.65
cup_v3_handle_breakout_confirm,杯柄 V3 柄部确认突破,300504.SZ,天邑股份,bottom_staging_handle_breakout_confirm,2023-04-03,2023-04-04,2023-04-10,0.497705,20.65,20.48,19.5,19.5,signal_low,4,-0.8232445520581,5.423728813559325,-1.5496368038740882,trend_exit_ma10,20.83,19.5
cup_v3_handle_breakout_confirm,杯柄 V3 柄部确认突破,300512.SZ,中亚股份,bottom_staging_handle_breakout_confirm,2023-04-07,2023-04-10,2023-04-10,0.597571,8.19,8.07,7.93,7.93,signal_low,1,-1.46520146520146,0.3663003663003872,-2.19780219780219,trend_exit_ma10,8.18,7.93
cup_v3_handle_breakout_confirm,杯柄 V3 柄部确认突破,300541.SZ,先进数通,bottom_staging_handle_breakout_confirm,2023-04-03,2023-04-04,2023-04-04,0.538177,14.91,14.79,14.1,14.1,signal_low,1,-0.8048289738430636,0.670690811535879,-2.0791415157612403,trend_exit_ma10,15.03,14.1
cup_v3_handle_breakout_confirm,杯柄 V3 柄部确认突破,300545.SZ,联得装备,bottom_staging_handle_breakout_confirm,2023-03-30,2023-03-31,2023-04-10,0.58492,21.48,20.95,19.83,19.83,signal_low,6,-2.4674115456238432,1.722532588454384,-3.165735567970207,trend_exit_ma10,21.62,19.83
cup_v3_handle_breakout_confirm,杯柄 V3 柄部确认突破,300562.SZ,乐心医疗,bottom_staging_handle_breakout_confirm,2023-04-06,2023-04-07,2023-04-10,0.585388,11.28,11.3928,10.71,11.3928,profit_lock,2,1.0000000000000009,5.2304964539007015,-1.0638297872340385,stop_loss,11.34,10.71
cup_v3_handle_breakout_confirm,杯柄 V3 柄部确认突破,300667.SZ,必创科技,bottom_staging_handle_breakout_confirm,2026-01-08,2026-01-09,2026-01-13,0.652911,18.4,19.593999999999998,16.93,19.593999999999998,peak_drawdown,3,6.489130434782608,9.782608695652172,-1.0326086956521596,stop_loss,18.4,16.93
cup_v3_handle_breakout_confirm,杯柄 V3 柄部确认突破,300701.SZ,森霸传感,bottom_staging_handle_breakout_confirm,2023-03-22,2023-03-23,2023-03-28,0.580959,9.88,9.69,9.15,9.15,signal_low,4,-1.9230769230769384,1.5182186234817596,-2.1255060728745057,trend_exit_ma10,9.92,9.15
cup_v3_handle_breakout_confirm,杯柄 V3 柄部确认突破,300796.SZ,贝斯美,bottom_staging_handle_breakout_confirm,2022-04-12,2022-04-13,2022-04-21,0.558145,19.25,19.4425,17.9,19.4425,profit_lock,7,1.0000000000000009,7.792207792207795,-3.8961038961038974,stop_loss,19.66,17.9
cup_v3_handle_breakout_confirm,杯柄 V3 柄部确认突破,300800.SZ,力合科技,bottom_staging_handle_breakout_confirm,2023-07-18,2023-07-19,2023-07-20,0.68762,14.38,15.14,13.67,15.38,peak_drawdown,2,5.2851182197496405,13.630041724617525,-0.6954102920723293,gap_stop,14.38,13.67
cup_v3_handle_breakout_confirm,杯柄 V3 柄部确认突破,300802.SZ,矩子科技,bottom_staging_handle_breakout_confirm,2023-03-13,2023-03-14,2023-03-14,0.551861,23.03,22.88,22.17,22.17,signal_low,1,-0.651324359531058,1.2158054711246091,-1.6500217108119997,trend_exit_ma10,23.16,22.17
cup_v3_handle_breakout_confirm,杯柄 V3 柄部确认突破,300823.SZ,建科智能,bottom_staging_handle_breakout_confirm,2023-06-29,2023-06-30,2023-07-03,0.607833,20.95,20.5,18.3,18.3,signal_low,2,-2.1479713603818618,0.0,-2.9116945107398595,trend_exit_ma10,20.52,18.3
cup_v3_handle_breakout_confirm,杯柄 V3 柄部确认突破,300823.SZ,建科智能,bottom_staging_handle_breakout_confirm,2023-07-26,2023-07-27,2023-07-27,0.565154,21.49,20.66,20.24,20.24,signal_low,1,-3.862261516984633,0.0,-4.420660772452301,trend_exit_ma10,21.28,20.24
cup_v3_handle_breakout_confirm,杯柄 V3 柄部确认突破,300834.SZ,星辉环材,bottom_staging_handle_breakout_confirm,2025-08-06,2025-08-07,2025-08-14,0.683029,23.8,23.33,22.64,22.64,signal_low,6,-1.9747899159664017,1.092436974789912,-2.226890756302524,trend_exit_ma10,23.78,22.64
cup_v3_handle_breakout_confirm,杯柄 V3 柄部确认突破,300868.SZ,杰美特,bottom_staging_handle_breakout_confirm,2023-07-17,2023-07-18,2023-07-19,0.73002,18.87,19.59,18.01,20.22,peak_drawdown,2,3.8155802861685073,21.091679915209326,-0.9009009009009139,gap_stop,18.83,18.01
cup_v3_handle_breakout_confirm,杯柄 V3 柄部确认突破,300890.SZ,翔丰华,bottom_staging_handle_breakout_confirm,2025-10-28,2025-10-29,2025-11-03,0.486472,34.98,35.3298,32.84,35.3298,profit_lock,4,1.0000000000000009,5.431675242996015,-2.60148656375071,stop_loss,35.15,32.84
cup_v3_handle_breakout_confirm,杯柄 V3 柄部确认突破,300970.SZ,华绿生物,bottom_staging_handle_breakout_confirm,2025-07-24,2025-07-25,2025-07-29,0.56086,15.51,15.15,14.43,14.43,signal_low,3,-2.321083172146998,0.7092198581560183,-3.2237266279819488,trend_exit_ma10,15.51,14.43
cup_v3_handle_breakout_confirm,杯柄 V3 柄部确认突破,300973.SZ,立高食品,bottom_staging_handle_breakout_confirm,2023-02-22,2023-02-23,2023-03-01,0.528536,98.23,96.95,92.77,92.77,signal_low,5,-1.3030642369948109,4.092436119311804,-2.2396416573348343,trend_exit_ma10,99.0,92.77
cup_v3_handle_breakout_confirm,杯柄 V3 柄部确认突破,300991.SZ,创益通,bottom_staging_handle_breakout_confirm,2023-02-06,2023-02-07,2023-02-15,0.611105,14.99,15.0,13.62,15.0,profit_lock,7,0.06671114076051143,5.403602401601071,-3.5356904603068617,stop_loss,15.0,13.62
cup_v3_handle_breakout_confirm,杯柄 V3 柄部确认突破,301028.SZ,鼎熔岩,bottom_staging_handle_breakout_confirm,2026-01-16,2026-01-19,2026-01-26,0.484408,16.17,15.8,14.84,14.84,signal_low,6,-2.2881880024737233,3.772418058132332,-3.463203463203479,trend_exit_ma10,16.03,14.84
cup_v3_handle_breakout_confirm,杯柄 V3 柄部确认突破,301053.SZ,远信工业,bottom_staging_handle_breakout_confirm,2023-11-13,2023-11-14,2023-11-16,0.621495,26.95,26.38,25.83,25.83,signal_low,3,-2.1150278293135427,0.7792207792207906,-2.9684601113172615,trend_exit_ma10,26.95,25.83
cup_v3_handle_breakout_confirm,杯柄 V3 柄部确认突破,301061.SZ,匠心家居,bottom_staging_handle_breakout_confirm,2023-06-28,2023-06-29,2023-07-03,0.617717,37.87,36.76,35.33,36.95,profit_lock,3,-2.931080010562448,7.2616847108529115,-4.4098230789543,gap_stop,37.83,35.33
cup_v3_handle_breakout_confirm,杯柄 V3 柄部确认突破,301065.SZ,本立科技,bottom_staging_handle_breakout_confirm,2025-06-03,2025-06-04,2025-06-13,0.506438,23.11,23.02,21.5,21.5,signal_low,8,-0.38944180008654294,4.543487667676338,-2.76936391172653,trend_exit_ma10,22.99,21.5
cup_v3_handle_breakout_confirm,杯柄 V3 柄部确认突破,301087.SZ,可孚医疗,bottom_staging_handle_breakout_confirm,2025-12-11,2025-12-12,2025-12-24,0.522523,45.03,45.35,43.2,43.2,signal_low,9,0.7106373528758647,3.930712858094587,-0.9327115256495655,trend_exit_ma10,45.47,43.2
cup_v3_handle_breakout_confirm,杯柄 V3 柄部确认突破,301118.SZ,恒光股份,bottom_staging_handle_breakout_confirm,2025-08-07,2025-08-08,2025-08-14,0.579644,24.45,23.54,22.98,22.98,signal_low,5,-3.7218813905930515,1.758691206543972,-3.7627811860940663,trend_exit_ma10,24.45,22.98
cup_v3_handle_breakout_confirm,杯柄 V3 柄部确认突破,301168.SZ,通灵股份,bottom_staging_handle_breakout_confirm,2025-11-10,2025-11-11,2025-11-12,0.554574,45.43,45.8843,43.2,45.8843,profit_lock,2,1.0000000000000009,8.320493066255775,-2.135152982610611,stop_loss,45.45,43.2
cup_v3_handle_breakout_confirm,杯柄 V3 柄部确认突破,301180.SZ,万祥科技,bottom_staging_handle_breakout_confirm,2026-01-16,2026-01-19,2026-01-26,0.616264,18.34,17.98,17.26,17.26,signal_low,6,-1.9629225736095934,3.598691384950925,-3.1624863685932314,trend_exit_ma10,18.58,17.26
cup_v3_handle_breakout_confirm,杯柄 V3 柄部确认突破,301290.SZ,东星医疗,bottom_staging_handle_breakout_confirm,2025-07-21,2025-07-22,2025-08-14,0.550138,26.68,27.1,25.22,26.9468,profit_lock,18,1.5742128935532396,7.04647676161918,-1.761619190404795,trend_exit_ma10,26.71,25.22
cup_v3_handle_breakout_confirm,杯柄 V3 柄部确认突破,301386.SZ,未来电器,bottom_staging_handle_breakout_confirm,2025-08-08,2025-08-11,2025-08-14,0.580669,24.09,23.41,22.73,22.73,signal_low,4,-2.822748028227484,1.411374014113731,-2.8642590286425906,trend_exit_ma10,24.11,22.73
cup_v3_handle_breakout_confirm,杯柄 V3 柄部确认突破,301559.SZ,中集环科,bottom_staging_handle_breakout_confirm,2025-08-26,2025-08-27,2025-09-02,0.531994,18.76,18.17,17.57,17.57,signal_low,5,-3.1449893390191885,4.904051172707868,-4.424307036247344,trend_exit_ma10,18.76,17.57
cup_v3_handle_breakout_confirm,杯柄 V3 柄部确认突破,600007.SH,中国国贸,bottom_staging_handle_breakout_confirm,2023-07-24,2023-07-25,2023-08-04,0.655959,19.6,20.12,18.75,19.796000000000003,profit_lock,9,2.6530612244897833,7.040816326530597,-0.3061224489796066,trend_exit_ma10,19.53,18.75
cup_v3_handle_breakout_confirm,杯柄 V3 柄部确认突破,600008.SH,首创环保,bottom_staging_handle_breakout_confirm,2023-02-21,2023-02-22,2023-02-22,0.560483,2.93,2.92,2.88,2.88,signal_low,1,-0.34129692832765013,0.3412969283276279,-0.34129692832765013,trend_exit_ma10,2.94,2.88
cup_v3_handle_breakout_confirm,杯柄 V3 柄部确认突破,600015.SH,华夏银行,bottom_staging_handle_breakout_confirm,2024-01-05,2024-01-08,2024-01-18,0.633944,5.9,5.85,5.68,5.68,signal_low,9,-0.8474576271186529,1.8644067796609987,-3.5593220338983045,trend_exit_ma10,5.9,5.68
cup_v3_handle_breakout_confirm,杯柄 V3 柄部确认突破,600017.SH,日照港,bottom_staging_handle_breakout_confirm,2024-05-06,2024-05-07,2024-05-23,0.547642,2.87,2.8987000000000003,2.78,2.8987000000000003,profit_lock,13,1.0000000000000009,6.271777003484313,-1.0452961672474004,stop_loss,2.87,2.78
cup_v3_handle_breakout_confirm,杯柄 V3 柄部确认突破,600017.SH,日照港,bottom_staging_handle_breakout_confirm,2024-12-02,2024-12-03,2024-12-11,0.547819,3.33,3.34,3.11,3.35,profit_lock,7,0.30030030030030463,5.405405405405395,-2.4024024024024038,gap_stop,3.32,3.11
cup_v3_handle_breakout_confirm,杯柄 V3 柄部确认突破,600018.SH,上港集团,bottom_staging_handle_breakout_confirm,2024-08-19,2024-08-20,2024-08-27,0.53257,6.38,6.25,5.94,5.94,signal_low,6,-2.037617554858928,0.31347962382446415,-2.5078369905956133,trend_exit_ma10,6.37,5.94
cup_v3_handle_breakout_confirm,杯柄 V3 柄部确认突破,600020.SH,中原高速,bottom_staging_handle_breakout_confirm,2024-10-28,2024-10-29,2024-10-30,0.502651,4.14,3.93,3.93,3.93,signal_low,2,-5.072463768115931,0.0,-5.314009661835739,stop_loss,4.14,3.93
cup_v3_handle_breakout_confirm,杯柄 V3 柄部确认突破,600030.SH,中信证券,bottom_staging_handle_breakout_confirm,2023-01-13,2023-01-16,2023-02-02,0.572066,20.78,21.43,20.19,20.9878,profit_lock,9,3.128007699711244,8.229066410009622,-0.5774783445620879,trend_exit_ma10,20.75,20.19
cup_v3_handle_breakout_confirm,杯柄 V3 柄部确认突破,600033.SH,福建高速,bottom_staging_handle_breakout_confirm,2024-07-04,2024-07-05,2024-07-31,0.516564,3.5,3.7,3.36,3.535,profit_lock,19,5.714285714285716,8.571428571428562,-1.1428571428571455,trend_exit_ma10,3.5,3.36
cup_v3_handle_breakout_confirm,杯柄 V3 柄部确认突破,600036.SH,招商银行,bottom_staging_handle_breakout_confirm,2024-04-15,2024-04-16,2024-05-15,0.592682,32.71,35.0461,32.03,35.0461,peak_drawdown,19,7.141852644451241,10.45551819015591,-0.7948639559767545,stop_loss,32.83,32.03
cup_v3_handle_breakout_confirm,杯柄 V3 柄部确认突破,600039.SH,四川路桥,bottom_staging_handle_breakout_confirm,2023-04-17,2023-04-18,2023-05-05,0.511543,15.17,15.22,13.58,13.58,signal_low,11,0.3295978905734964,4.878048780487809,-1.1206328279498967,trend_exit_ma10,15.17,13.58
cup_v3_handle_breakout_confirm,杯柄 V3 柄部确认突破,600057.SH,厦门象屿,bottom_staging_handle_breakout_confirm,2025-07-04,2025-07-07,2025-07-22,0.490636,7.17,7.48,6.75,7.2417,profit_lock,12,4.323570432357049,7.112970711297062,-0.6973500697350032,trend_exit_ma10,7.21,6.75
cup_v3_handle_breakout_confirm,杯柄 V3 柄部确认突破,600076.SH,康欣新材,bottom_staging_handle_breakout_confirm,2025-08-21,2025-08-22,2025-08-27,0.586019,2.76,2.9,2.42,2.9003,peak_drawdown,4,5.072463768115942,8.333333333333348,-2.1739130434782483,gap_stop,2.77,2.42
cup_v3_handle_breakout_confirm,杯柄 V3 柄部确认突破,600098.SH,广州发展,bottom_staging_handle_breakout_confirm,2023-04-14,2023-04-17,2023-04-21,0.595146,6.28,6.11,5.96,5.96,signal_low,5,-2.7070063694267454,1.1146496815286566,-2.7070063694267454,trend_exit_ma10,6.26,5.96
cup_v3_handle_breakout_confirm,杯柄 V3 柄部确认突破,600105.SH,永鼎股份,bottom_staging_handle_breakout_confirm,2025-05-07,2025-05-08,2025-05-09,0.545884,7.16,7.2316,6.21,7.2316,profit_lock,2,1.0000000000000009,7.2625698324022325,-1.2569832402234637,stop_loss,7.24,6.21
cup_v3_handle_breakout_confirm,杯柄 V3 柄部确认突破,600133.SH,东湖高新,bottom_staging_handle_breakout_confirm,2023-03-01,2023-03-02,2023-03-07,0.536159,6.02,5.98,5.87,5.87,signal_low,4,-0.6644518272425071,2.657807308970095,-0.6644518272425071,trend_exit_ma10,6.03,5.87
cup_v3_handle_breakout_confirm,杯柄 V3 柄部确认突破,600162.SH,香江控股,bottom_staging_handle_breakout_confirm,2024-10-28,2024-10-29,2024-11-04,0.463165,1.74,1.9788,1.54,1.9788,peak_drawdown,5,13.724137931034486,20.68965517241379,-4.0229885057471275,stop_loss,1.72,1.54
cup_v3_handle_breakout_confirm,杯柄 V3 柄部确认突破,600179.SH,安通控股,bottom_staging_handle_breakout_confirm,2024-10-28,2024-10-29,2024-11-07,0.525781,2.72,2.98,2.39,3.03,peak_drawdown,8,9.558823529411754,18.38235294117647,-3.308823529411775,gap_stop,2.69,2.39
cup_v3_handle_breakout_confirm,杯柄 V3 柄部确认突破,600191.SH,华资实业,bottom_staging_handle_breakout_confirm,2023-12-01,2023-12-04,2023-12-11,0.624007,6.66,6.7266,6.47,6.7266,profit_lock,6,1.0000000000000009,6.606606606606591,-0.9009009009009028,stop_loss,6.72,6.47
cup_v3_handle_breakout_confirm,杯柄 V3 柄部确认突破,600191.SH,华资实业,bottom_staging_handle_breakout_confirm,2024-10-31,2024-11-01,2024-11-11,0.536436,6.19,6.2519,5.58,6.2519,profit_lock,7,1.0000000000000009,5.8158319870759145,-2.9079159935379795,stop_loss,6.11,5.58
cup_v3_handle_breakout_confirm,杯柄 V3 柄部确认突破,600198.SH,大唐电信,bottom_staging_handle_breakout_confirm,2023-03-17,2023-03-20,2023-03-28,0.517597,7.34,7.8085,7.09,7.8085,peak_drawdown,7,6.382833787465958,9.673024523160766,-0.6811989100817373,stop_loss,7.33,7.09
cup_v3_handle_breakout_confirm,杯柄 V3 柄部确认突破,600226.SH,亨通股份,bottom_staging_handle_breakout_confirm,2023-04-04,2023-04-06,2023-04-18,0.524218,2.95,2.9,2.71,2.71,signal_low,9,-1.6949152542372947,1.6949152542372836,-3.050847457627126,trend_exit_ma10,2.95,2.71
cup_v3_handle_breakout_confirm,杯柄 V3 柄部确认突破,600267.SH,海正药业,bottom_staging_handle_breakout_confirm,2025-05-30,2025-06-03,2025-06-06,0.585448,9.12,9.15,8.86,8.86,signal_low,4,0.328947368421062,3.289473684210531,-0.3289473684210509,trend_exit_ma10,9.23,8.86
cup_v3_handle_breakout_confirm,杯柄 V3 柄部确认突破,600273.SH,嘉化能源,bottom_staging_handle_breakout_confirm,2025-06-27,2025-06-30,2025-07-16,0.549468,8.6,8.83,8.31,8.686,profit_lock,13,2.674418604651163,5.116279069767438,-2.0930232558139528,trend_exit_ma10,8.59,8.31
cup_v3_handle_breakout_confirm,杯柄 V3 柄部确认突破,600285.SH,羚锐制药,bottom_staging_handle_breakout_confirm,2025-05-14,2025-05-15,2025-05-21,0.61865,23.78,23.31,22.79,22.79,signal_low,5,-1.9764507989907587,1.5559293523969675,-2.4810765349032815,trend_exit_ma10,23.88,22.79
cup_v3_handle_breakout_confirm,杯柄 V3 柄部确认突破,600336.SH,澳柯玛,bottom_staging_handle_breakout_confirm,2024-01-05,2024-01-08,2024-01-10,0.596788,6.2,5.85,5.85,5.85,signal_low,3,-5.645161290322587,1.6129032258064502,-6.935483870967751,stop_loss,6.32,5.85
cup_v3_handle_breakout_confirm,杯柄 V3 柄部确认突破,600350.SH,山东高速,bottom_staging_handle_breakout_confirm,2022-06-07,2022-06-08,2022-06-10,0.578482,5.85,5.88,5.72,5.72,signal_low,3,0.512820512820511,2.9059829059828957,-0.34188034188032956,trend_exit_ma10,5.9,5.72
cup_v3_handle_breakout_confirm,杯柄 V3 柄部确认突破,600352.SH,浙江龙盛,bottom_staging_handle_breakout_confirm,2023-02-20,2023-02-21,2023-02-24,0.572362,10.23,10.14,9.86,9.86,signal_low,4,-0.8797653958944274,0.9775171065493637,-1.1730205278592476,trend_exit_ma10,10.22,9.86
cup_v3_handle_breakout_confirm,杯柄 V3 柄部确认突破,600369.SH,西南证券,bottom_staging_handle_breakout_confirm,2022-11-29,2022-11-30,2022-12-09,0.529825,4.04,4.02,3.83,3.83,signal_low,8,-0.4950495049505066,2.4752475247524774,-1.7326732673267342,trend_exit_ma10,4.03,3.83
cup_v3_handle_breakout_confirm,杯柄 V3 柄部确认突破,600377.SH,宁沪高速,bottom_staging_handle_breakout_confirm,2024-08-22,2024-08-23,2024-08-29,0.554212,14.08,14.2208,12.85,14.2208,profit_lock,5,1.0000000000000009,7.173295454545459,-1.278409090909094,stop_loss,14.08,12.85
cup_v3_handle_breakout_confirm,杯柄 V3 柄部确认突破,600420.SH,国药现代,bottom_staging_handle_breakout_confirm,2023-01-30,2023-01-31,2023-02-06,0.629954,10.02,9.92,9.68,9.68,signal_low,5,-0.9980039920159611,1.9960079840319445,-1.7964071856287345,trend_exit_ma10,10.03,9.68
cup_v3_handle_breakout_confirm,杯柄 V3 柄部确认突破,600420.SH,国药现代,bottom_staging_handle_breakout_confirm,2023-03-15,2023-03-16,2023-03-24,0.560369,10.23,10.3323,10.02,10.3323,profit_lock,7,1.0000000000000009,5.962854349951119,-0.2932551319648202,stop_loss,10.33,10.02
cup_v3_handle_breakout_confirm,杯柄 V3 柄部确认突破,600448.SH,华纺股份,bottom_staging_handle_breakout_confirm,2022-04-13,2022-04-14,2022-04-15,0.594895,3.68,3.59,3.47,3.47,signal_low,2,-2.445652173913049,2.989130434782594,-3.532608695652184,trend_exit_ma10,3.78,3.47
cup_v3_handle_breakout_confirm,杯柄 V3 柄部确认突破,600455.SH,博通股份,bottom_staging_handle_breakout_confirm,2023-01-30,2023-01-31,2023-02-02,0.620044,24.05,24.16,22.8,22.8,signal_low,3,0.45738045738046296,4.781704781704765,-0.498960498960499,trend_exit_ma10,24.37,22.8
cup_v3_handle_breakout_confirm,杯柄 V3 柄部确认突破,600461.SH,洪城环境,bottom_staging_handle_breakout_confirm,2023-06-05,2023-06-06,2023-06-13,0.487264,8.45,8.23,8.07,8.07,signal_low,6,-2.6035502958579704,0.946745562130169,-3.431952662721882,trend_exit_ma10,8.47,8.07
cup_v3_handle_breakout_confirm,杯柄 V3 柄部确认突破,600489.SH,中金黄金,bottom_staging_handle_breakout_confirm,2025-06-12,2025-06-13,2025-06-19,0.659323,14.94,14.42,13.69,13.69,signal_low,5,-3.4805890227576963,1.070950468540821,-3.9491298527443153,trend_exit_ma10,14.67,13.69
cup_v3_handle_breakout_confirm,杯柄 V3 柄部确认突破,600531.SH,豫光金铅,bottom_staging_handle_breakout_confirm,2025-08-25,2025-08-26,2025-09-03,0.575407,8.99,10.41,8.4,10.4469,peak_drawdown,7,15.795328142380427,19.799777530589544,-3.3370411568409475,gap_stop,8.97,8.4
cup_v3_handle_breakout_confirm,杯柄 V3 柄部确认突破,600538.SH,国发股份,bottom_staging_handle_breakout_confirm,2024-01-03,2024-01-04,2024-01-12,0.535273,4.86,4.83,4.52,4.52,signal_low,7,-0.6172839506172867,4.526748971193406,-1.6460905349794275,trend_exit_ma10,4.84,4.52
cup_v3_handle_breakout_confirm,杯柄 V3 柄部确认突破,600543.SH,莫高股份,bottom_staging_handle_breakout_confirm,2023-12-29,2024-01-02,2024-01-08,0.610087,6.04,5.95,5.79,5.79,signal_low,5,-1.490066225165565,2.98013245033113,-1.8211920529801362,trend_exit_ma10,6.04,5.79
cup_v3_handle_breakout_confirm,杯柄 V3 柄部确认突破,600548.SH,深高速,bottom_staging_handle_breakout_confirm,2023-03-01,2023-03-02,2023-03-21,0.566567,9.19,9.39,9.01,9.01,signal_low,14,2.1762785636561643,4.896626768226353,-0.32644178454841466,trend_exit_ma10,9.19,9.01
cup_v3_handle_breakout_confirm,杯柄 V3 柄部确认突破,600548.SH,深高速,bottom_staging_handle_breakout_confirm,2024-05-22,2024-05-23,2024-05-30,0.52483,10.99,10.71,10.34,10.34,signal_low,6,-2.547770700636942,0.7279344858962755,-3.0027297543221088,trend_exit_ma10,11.0,10.34
cup_v3_handle_breakout_confirm,杯柄 V3 柄部确认突破,600557.SH,康缘药业,bottom_staging_handle_breakout_confirm,2025-07-30,2025-07-31,2025-08-01,0.611663,16.6,17.66,15.45,17.66,peak_drawdown,2,6.385542168674685,11.0843373493976,-0.7831325301205005,stop_loss,16.65,15.45
cup_v3_handle_breakout_confirm,杯柄 V3 柄部确认突破,600573.SH,惠泉啤酒,bottom_staging_handle_breakout_confirm,2022-12-22,2022-12-23,2022-12-29,0.611736,11.0,10.77,10.49,10.49,signal_low,5,-2.090909090909099,2.5454545454545396,-4.545454545454541,trend_exit_ma10,11.02,10.49
cup_v3_handle_breakout_confirm,杯柄 V3 柄部确认突破,600573.SH,惠泉啤酒,bottom_staging_handle_breakout_confirm,2024-10-25,2024-10-28,2024-10-29,0.620341,10.58,10.6858,9.98,10.6858,profit_lock,2,1.0000000000000009,7.655954631379958,-3.5916824196597474,stop_loss,10.8,9.98
cup_v3_handle_breakout_confirm,杯柄 V3 柄部确认突破,600595.SH,中孚实业,bottom_staging_handle_breakout_confirm,2025-08-11,2025-08-12,2025-08-15,0.501451,5.3,5.35,4.51,5.353,profit_lock,4,0.943396226415083,7.547169811320753,-1.3207547169811207,gap_stop,5.34,4.51
cup_v3_handle_breakout_confirm,杯柄 V3 柄部确认突破,600600.SH,青岛啤酒,bottom_staging_handle_breakout_confirm,2022-08-02,2022-08-03,2022-08-12,0.492951,106.18,104.5,98.02,98.02,signal_low,8,-1.5822188736108522,3.5976643435675193,-5.707289508381996,trend_exit_ma10,106.28,98.02
cup_v3_handle_breakout_confirm,杯柄 V3 柄部确认突破,600663.SH,陆家嘴,bottom_staging_handle_breakout_confirm,2024-10-31,2024-11-01,2024-11-11,0.47908,10.83,11.22,9.65,11.22,peak_drawdown,7,3.6011080332410073,8.679593721144974,-1.5697137580794052,gap_stop,10.84,9.65
cup_v3_handle_breakout_confirm,杯柄 V3 柄部确认突破,600664.SH,哈药股份,bottom_staging_handle_breakout_confirm,2022-12-15,2022-12-16,2022-12-20,0.537033,3.58,3.44,3.05,3.44,profit_lock,3,-3.9106145251396662,5.865921787709505,-9.49720670391061,stop_loss,3.63,3.05
cup_v3_handle_breakout_confirm,杯柄 V3 柄部确认突破,600664.SH,哈药股份,bottom_staging_handle_breakout_confirm,2023-11-23,2023-11-24,2023-11-29,0.521023,3.74,3.65,3.54,3.54,signal_low,4,-2.406417112299475,4.278074866310155,-2.941176470588247,trend_exit_ma10,3.71,3.54
cup_v3_handle_breakout_confirm,杯柄 V3 柄部确认突破,600674.SH,川投能源,bottom_staging_handle_breakout_confirm,2023-02-28,2023-03-01,2023-03-09,0.525986,12.96,13.01,12.61,12.61,signal_low,7,0.38580246913579863,2.9320987654321007,-0.462962962962965,trend_exit_ma10,12.98,12.61
cup_v3_handle_breakout_confirm,杯柄 V3 柄部确认突破,600678.SH,四川金顶,bottom_staging_handle_breakout_confirm,2025-07-11,2025-07-14,2025-07-15,0.561988,9.27,9.3627,8.32,9.3627,profit_lock,2,1.0000000000000009,12.189859762675304,-0.9708737864077666,stop_loss,9.46,8.32
cup_v3_handle_breakout_confirm,杯柄 V3 柄部确认突破,600724.SH,宁波富达,bottom_staging_handle_breakout_confirm,2026-01-08,2026-01-09,2026-01-12,0.59692,5.84,5.8984,5.56,5.8984,profit_lock,2,1.0000000000000009,5.308219178082196,-0.6849315068493178,stop_loss,5.87,5.56
cup_v3_handle_breakout_confirm,杯柄 V3 柄部确认突破,600729.SH,重庆百货,bottom_staging_handle_breakout_confirm,2023-02-28,2023-03-01,2023-03-07,0.537238,26.19,25.82,25.02,25.02,signal_low,5,-1.412752959144714,2.6345933562428314,-1.6418480336006125,trend_exit_ma10,26.2,25.02
cup_v3_handle_breakout_confirm,杯柄 V3 柄部确认突破,600738.SH,丽尚国潮,bottom_staging_handle_breakout_confirm,2023-04-06,2023-04-07,2023-04-21,0.581369,7.75,7.8275,7.3,7.8275,profit_lock,11,1.0000000000000009,7.096774193548394,-2.709677419354839,stop_loss,7.79,7.3
cup_v3_handle_breakout_confirm,杯柄 V3 柄部确认突破,600756.SH,浪潮软件,bottom_staging_handle_breakout_confirm,2023-01-19,2023-01-20,2023-02-03,0.574383,15.08,15.78,13.77,15.84,peak_drawdown,6,4.641909814323597,9.615384615384626,-0.19893899204244114,gap_stop,15.07,13.77
cup_v3_handle_breakout_confirm,杯柄 V3 柄部确认突破,600760.SH,中航沈飞,bottom_staging_handle_breakout_confirm,2022-08-04,2022-08-05,2022-08-11,0.541244,63.05,67.08,59.8,67.1725,peak_drawdown,5,6.391752577319587,9.833465503568606,-2.331482950039654,gap_stop,63.4,59.8
cup_v3_handle_breakout_confirm,杯柄 V3 柄部确认突破,600831.SH,广电网络,bottom_staging_handle_breakout_confirm,2023-03-24,2023-03-27,2023-03-28,0.572165,6.64,6.7063999999999995,6.26,6.7063999999999995,profit_lock,2,1.0000000000000009,6.927710843373491,-0.45180722891565717,stop_loss,6.66,6.26
cup_v3_handle_breakout_confirm,杯柄 V3 柄部确认突破,600871.SH,石化油服,bottom_staging_handle_breakout_confirm,2023-04-13,2023-04-14,2023-04-21,0.572219,2.26,2.24,2.17,2.17,signal_low,6,-0.8849557522123686,3.9823008849557695,-0.8849557522123686,trend_exit_ma10,2.27,2.17
cup_v3_handle_breakout_confirm,杯柄 V3 柄部确认突破,600900.SH,长江电力,bottom_staging_handle_breakout_confirm,2022-07-11,2022-07-12,2022-07-15,0.558702,24.69,24.3,23.89,23.89,signal_low,4,-1.5795868772782495,1.9846091535034471,-1.5795868772782495,trend_exit_ma10,24.69,23.89
cup_v3_handle_breakout_confirm,杯柄 V3 柄部确认突破,600900.SH,长江电力,bottom_staging_handle_breakout_confirm,2023-12-12,2023-12-13,2024-01-09,0.550619,22.97,23.54,22.35,22.35,signal_low,19,2.4814976055724802,4.397039616891596,-0.8707009142359556,trend_exit_ma10,22.98,22.35
cup_v3_handle_breakout_confirm,杯柄 V3 柄部确认突破,600900.SH,长江电力,bottom_staging_handle_breakout_confirm,2025-06-25,2025-06-26,2025-06-27,0.541199,30.88,30.22,30.06,30.06,signal_low,2,-2.1373056994818618,1.0038860103626979,-2.2020725388601003,trend_exit_ma10,30.88,30.06
cup_v3_handle_breakout_confirm,杯柄 V3 柄部确认突破,600901.SH,江苏金租,bottom_staging_handle_breakout_confirm,2023-04-25,2023-04-26,2023-05-09,0.546581,6.3,6.7997,6.08,6.7997,peak_drawdown,7,7.931746031746023,15.238095238095228,-0.7936507936507908,stop_loss,6.29,6.08
cup_v3_handle_breakout_confirm,杯柄 V3 柄部确认突破,600928.SH,西安银行,bottom_staging_handle_breakout_confirm,2024-04-29,2024-04-30,2024-05-07,0.595849,3.58,3.56,3.46,3.46,signal_low,3,-0.5586592178770999,0.8379888268156277,-1.3966480446927498,trend_exit_ma10,3.61,3.46
cup_v3_handle_breakout_confirm,杯柄 V3 柄部确认突破,600938.SH,中国海油,bottom_staging_handle_breakout_confirm,2026-01-21,2026-01-22,2026-01-30,0.567543,30.85,35.793,29.11,35.793,peak_drawdown,7,16.022690437601295,19.611021069692057,-0.12965964343598646,stop_loss,30.56,29.11
cup_v3_handle_breakout_confirm,杯柄 V3 柄部确认突破,600941.SH,中国移动,bottom_staging_handle_breakout_confirm,2023-03-01,2023-03-02,2023-03-07,0.460617,83.9,89.4,77.28,89.6,peak_drawdown,4,6.555423122765203,11.549463647199044,-0.47675804529202503,gap_stop,84.61,77.28
cup_v3_handle_breakout_confirm,杯柄 V3 柄部确认突破,600959.SH,江苏有线,bottom_staging_handle_breakout_confirm,2023-04-19,2023-04-20,2023-04-21,0.519801,3.46,3.39,3.38,3.38,signal_low,2,-2.023121387283233,2.023121387283222,-2.023121387283233,trend_exit_ma10,3.47,3.38
cup_v3_handle_breakout_confirm,杯柄 V3 柄部确认突破,600962.SH,国投中鲁,bottom_staging_handle_breakout_confirm,2023-02-02,2023-02-03,2023-02-08,0.468303,14.55,13.85,13.2,13.2,signal_low,4,-4.810996563573888,0.3436426116838476,-5.6357388316151225,trend_exit_ma10,14.65,13.2
cup_v3_handle_breakout_confirm,杯柄 V3 柄部确认突破,600968.SH,海油发展,bottom_staging_handle_breakout_confirm,2022-11-07,2022-11-08,2022-11-14,0.484808,3.1,2.95,2.86,2.86,signal_low,5,-4.8387096774193505,1.2903225806451646,-5.161290322580648,trend_exit_ma10,3.09,2.86
cup_v3_handle_breakout_confirm,杯柄 V3 柄部确认突破,600981.SH,苏豪汇鸿,bottom_staging_handle_breakout_confirm,2025-09-10,2025-09-11,2025-09-19,0.532114,3.19,3.04,3.04,3.04,signal_low,7,-4.702194357366773,3.7617554858934144,-5.642633228840133,stop_loss,3.18,3.04
cup_v3_handle_breakout_confirm,杯柄 V3 柄部确认突破,601058.SH,赛轮轮胎,bottom_staging_handle_breakout_confirm,2023-08-24,2023-08-25,2023-08-25,0.607553,11.69,11.57,11.29,11.29,signal_low,1,-1.026518391787845,0.34217279726262984,-1.7964071856287345,trend_exit_ma10,11.73,11.29
cup_v3_handle_breakout_confirm,杯柄 V3 柄部确认突破,601077.SH,渝农商行,bottom_staging_handle_breakout_confirm,2024-04-15,2024-04-16,2024-04-16,0.58558,4.64,4.59,4.53,4.53,signal_low,1,-1.0775862068965525,0.4310344827586299,-1.7241379310344862,trend_exit_ma10,4.65,4.53
cup_v3_handle_breakout_confirm,杯柄 V3 柄部确认突破,601098.SH,中南传媒,bottom_staging_handle_breakout_confirm,2023-04-20,2023-04-21,2023-04-27,0.517531,12.66,13.22,11.46,13.22,peak_drawdown,5,4.423380726698256,12.164296998420209,-3.5545023696682443,stop_loss,12.73,11.46
cup_v3_handle_breakout_confirm,杯柄 V3 柄部确认突破,601179.SH,中国西电,bottom_staging_handle_breakout_confirm,2023-04-14,2023-04-17,2023-04-19,0.509433,5.72,5.52,5.32,5.32,signal_low,3,-3.4965034965035002,3.8461538461538547,-4.370629370629375,trend_exit_ma10,5.69,5.32
cup_v3_handle_breakout_confirm,杯柄 V3 柄部确认突破,601187.SH,厦门银行,bottom_staging_handle_breakout_confirm,2025-05-22,2025-05-23,2025-06-10,0.587012,6.26,6.45,5.94,6.3225999999999996,profit_lock,12,3.0351437699680517,6.230031948881809,-2.2364217252396124,trend_exit_ma10,6.26,5.94
cup_v3_handle_breakout_confirm,杯柄 V3 柄部确认突破,601187.SH,厦门银行,bottom_staging_handle_breakout_confirm,2025-12-09,2025-12-10,2025-12-26,0.534331,7.6,7.56,7.09,7.09,signal_low,13,-0.5263157894736858,3.9473684210526327,-2.368421052631575,trend_exit_ma10,7.55,7.09
cup_v3_handle_breakout_confirm,杯柄 V3 柄部确认突破,601218.SH,吉鑫科技,bottom_staging_handle_breakout_confirm,2024-01-16,2024-01-17,2024-01-17,0.649717,4.04,3.96,3.91,3.91,signal_low,1,-1.980198019801982,0.0,-1.980198019801982,trend_exit_ma10,4.03,3.91
cup_v3_handle_breakout_confirm,杯柄 V3 柄部确认突破,601326.SH,秦港股份,bottom_staging_handle_breakout_confirm,2022-07-18,2022-07-19,2022-07-19,0.535393,3.0,2.95,2.9,2.9,signal_low,1,-1.6666666666666607,0.3333333333333188,-2.3333333333333317,trend_exit_ma10,3.04,2.9
cup_v3_handle_breakout_confirm,杯柄 V3 柄部确认突破,601328.SH,交通银行,bottom_staging_handle_breakout_confirm,2023-03-01,2023-03-02,2023-03-24,0.597229,4.92,5.11,4.86,4.9692,profit_lock,17,3.861788617886197,6.300813008130102,-0.20325203252031798,trend_exit_ma10,4.92,4.86
cup_v3_handle_breakout_confirm,杯柄 V3 柄部确认突破,601368.SH,绿城水务,bottom_staging_handle_breakout_confirm,2022-04-18,2022-04-19,2022-04-21,0.563578,5.92,5.65,5.53,5.53,signal_low,3,-4.5608108108108,0.8445945945945832,-5.405405405405405,trend_exit_ma10,5.95,5.53
cup_v3_handle_breakout_confirm,杯柄 V3 柄部确认突破,601390.SH,中国中铁,bottom_staging_handle_breakout_confirm,2023-03-01,2023-03-02,2023-03-08,0.596811,6.15,6.6,5.95,6.6639,peak_drawdown,5,7.317073170731692,11.70731707317072,-0.1626016260162677,gap_stop,6.18,5.95
cup_v3_handle_breakout_confirm,杯柄 V3 柄部确认突破,601599.SH,浙文影业,bottom_staging_handle_breakout_confirm,2022-04-06,2022-04-07,2022-04-11,0.567864,3.64,3.49,3.34,3.34,signal_low,3,-4.120879120879117,1.3736263736263687,-5.219780219780223,trend_exit_ma10,3.69,3.34
cup_v3_handle_breakout_confirm,杯柄 V3 柄部确认突破,601607.SH,上海医药,bottom_staging_handle_breakout_confirm,2023-04-13,2023-04-14,2023-04-25,0.553691,21.5,21.715,20.89,21.715,profit_lock,8,1.0000000000000009,5.116279069767438,-0.9302325581395321,stop_loss,21.5,20.89
cup_v3_handle_breakout_confirm,杯柄 V3 柄部确认突破,601608.SH,中信重工,bottom_staging_handle_breakout_confirm,2024-04-11,2024-04-12,2024-04-15,0.542393,4.69,4.7369,4.37,4.7369,profit_lock,2,1.0000000000000009,7.889125799573549,-1.279317697228155,stop_loss,4.66,4.37
cup_v3_handle_breakout_confirm,杯柄 V3 柄部确认突破,601618.SH,中国中冶,bottom_staging_handle_breakout_confirm,2023-03-01,2023-03-02,2023-03-07,0.601124,3.48,3.64,3.36,3.64,peak_drawdown,4,4.597701149425282,11.781609195402298,-0.5747126436781658,gap_stop,3.48,3.36
cup_v3_handle_breakout_confirm,杯柄 V3 柄部确认突破,601619.SH,嘉泽新能,bottom_staging_handle_breakout_confirm,2025-05-09,2025-05-12,2025-05-15,0.614505,3.84,3.72,3.61,3.61,signal_low,4,-3.124999999999989,2.083333333333326,-3.124999999999989,trend_exit_ma10,3.85,3.61
cup_v3_handle_breakout_confirm,杯柄 V3 柄部确认突破,601669.SH,中国电建,bottom_staging_handle_breakout_confirm,2024-08-15,2024-08-16,2024-08-21,0.53613,5.55,5.43,5.35,5.35,signal_low,4,-2.1621621621621623,0.540540540540535,-2.522522522522519,trend_exit_ma10,5.55,5.35
cup_v3_handle_breakout_confirm,杯柄 V3 柄部确认突破,601702.SH,华峰铝业,bottom_staging_handle_breakout_confirm,2023-11-14,2023-11-15,2023-11-17,0.532192,17.32,17.44,16.0,17.47,profit_lock,3,0.6928406466512715,5.2540415704388055,-1.0969976905311873,gap_stop,17.15,16.0
cup_v3_handle_breakout_confirm,杯柄 V3 柄部确认突破,601718.SH,际华集团,bottom_staging_handle_breakout_confirm,2023-04-12,2023-04-13,2023-04-13,0.578673,3.21,3.16,3.16,3.16,signal_low,1,-1.5576323987538832,0.6230529595015577,-4.361370716510904,stop_loss,3.28,3.16
cup_v3_handle_breakout_confirm,杯柄 V3 柄部确认突破,601816.SH,京沪高铁,bottom_staging_handle_breakout_confirm,2024-06-25,2024-06-26,2024-07-10,0.609723,5.25,5.44,5.09,5.3025,profit_lock,11,3.619047619047633,5.9047619047619015,-0.5714285714285783,trend_exit_ma10,5.25,5.09
cup_v3_handle_breakout_confirm,杯柄 V3 柄部确认突破,601857.SH,中国石油,bottom_staging_handle_breakout_confirm,2023-03-01,2023-03-02,2023-03-08,0.601832,5.28,5.55,5.19,5.64,peak_drawdown,5,5.1136363636363535,10.606060606060597,-0.37878787878788955,gap_stop,5.28,5.19
cup_v3_handle_breakout_confirm,杯柄 V3 柄部确认突破,601868.SH,中国能建,bottom_staging_handle_breakout_confirm,2023-04-27,2023-04-28,2023-05-09,0.626699,2.69,2.67,2.57,2.57,signal_low,5,-0.743494423791824,3.7174721189591198,-2.230483271375472,trend_exit_ma10,2.7,2.57
cup_v3_handle_breakout_confirm,杯柄 V3 柄部确认突破,601888.SH,中国中免,bottom_staging_handle_breakout_confirm,2025-09-18,2025-09-19,2025-09-23,0.618717,71.69,70.01,69.63,69.63,signal_low,3,-2.3434230715580817,3.6267261821732566,-2.7897893709024957,trend_exit_ma10,71.68,69.63
cup_v3_handle_breakout_confirm,杯柄 V3 柄部确认突破,601899.SH,紫金矿业,bottom_staging_handle_breakout_confirm,2025-06-11,2025-06-12,2025-06-19,0.594635,18.72,18.37,17.63,17.63,signal_low,6,-1.869658119658113,4.113247863247871,-1.869658119658113,trend_exit_ma10,18.66,17.63
cup_v3_handle_breakout_confirm,杯柄 V3 柄部确认突破,601916.SH,浙商银行,bottom_staging_handle_breakout_confirm,2024-05-20,2024-05-21,2024-05-29,0.554737,3.04,3.0,2.95,2.95,signal_low,7,-1.3157894736842146,1.9736842105263275,-1.6447368421052544,trend_exit_ma10,3.04,2.95
cup_v3_handle_breakout_confirm,杯柄 V3 柄部确认突破,601939.SH,建设银行,bottom_staging_handle_breakout_confirm,2024-06-20,2024-06-21,2024-07-12,0.539242,7.21,7.37,7.03,7.2821,profit_lock,16,2.219140083217752,7.905686546463242,-0.2773925104022079,trend_exit_ma10,7.23,7.03
cup_v3_handle_breakout_confirm,杯柄 V3 柄部确认突破,601985.SH,中国核电,bottom_staging_handle_breakout_confirm,2023-08-07,2023-08-08,2023-08-11,0.559223,7.45,7.19,7.12,7.12,signal_low,4,-3.489932885906033,0.9395973154362247,-3.624161073825505,trend_exit_ma10,7.46,7.12
cup_v3_handle_breakout_confirm,杯柄 V3 柄部确认突破,601996.SH,丰林集团,bottom_staging_handle_breakout_confirm,2025-11-10,2025-11-11,2025-11-18,0.527208,2.57,2.74,2.34,2.74,peak_drawdown,6,6.61478599221792,10.89494163424125,-1.5564202334630406,gap_stop,2.55,2.34
cup_v3_handle_breakout_confirm,杯柄 V3 柄部确认突破,601997.SH,贵阳银行,bottom_staging_handle_breakout_confirm,2023-03-03,2023-03-06,2023-03-08,0.618864,5.71,5.65,5.6,5.6,signal_low,3,-1.0507880910682998,1.2259194395796813,-1.5761821366024442,trend_exit_ma10,5.71,5.6
cup_v3_handle_breakout_confirm,杯柄 V3 柄部确认突破,603038.SH,华立股份,bottom_staging_handle_breakout_confirm,2023-07-25,2023-07-26,2023-08-04,0.603633,9.59,10.767,8.8,10.767,peak_drawdown,6,12.273201251303444,27.32012513034412,-2.6068821689259614,stop_loss,9.6,8.8
cup_v3_handle_breakout_confirm,杯柄 V3 柄部确认突破,603089.SH,正裕工业,bottom_staging_handle_breakout_confirm,2023-10-20,2023-10-23,2023-10-25,0.532602,9.75,10.54,9.42,11.1,peak_drawdown,3,8.102564102564092,22.56410256410255,-2.564102564102566,gap_stop,9.89,9.42
cup_v3_handle_breakout_confirm,杯柄 V3 柄部确认突破,603111.SH,康尼机电,bottom_staging_handle_breakout_confirm,2023-06-28,2023-06-29,2023-07-05,0.682609,4.9,4.9,4.68,4.68,signal_low,5,0.0,4.489795918367334,-0.40816326530612734,trend_exit_ma10,4.95,4.68
cup_v3_handle_breakout_confirm,杯柄 V3 柄部确认突破,603111.SH,康尼机电,bottom_staging_handle_breakout_confirm,2024-01-03,2024-01-04,2024-01-08,0.494023,5.74,5.62,5.4,5.4,signal_low,3,-2.0905923344947785,1.5679442508710784,-2.2648083623693416,trend_exit_ma10,5.77,5.4
cup_v3_handle_breakout_confirm,杯柄 V3 柄部确认突破,603121.SH,华培动力,bottom_staging_handle_breakout_confirm,2024-11-04,2024-11-05,2024-11-14,0.593041,8.75,8.79,8.06,8.06,signal_low,8,0.45714285714284486,4.114285714285715,-2.742857142857147,trend_exit_ma10,8.8,8.06
cup_v3_handle_breakout_confirm,杯柄 V3 柄部确认突破,603159.SH,上海亚虹,bottom_staging_handle_breakout_confirm,2025-07-15,2025-07-16,2025-07-17,0.543523,17.12,16.7,15.81,15.81,signal_low,2,-2.453271028037396,0.29205607476636697,-3.6214953271028083,trend_exit_ma10,17.0,15.81
cup_v3_handle_breakout_confirm,杯柄 V3 柄部确认突破,603179.SH,新泉股份,bottom_staging_handle_breakout_confirm,2023-07-25,2023-07-26,2023-08-08,0.518214,48.0,51.2,44.62,51.4876,peak_drawdown,10,6.666666666666665,10.583333333333321,-4.35416666666667,gap_stop,48.36,44.62
cup_v3_handle_breakout_confirm,杯柄 V3 柄部确认突破,603186.SH,华正新材,bottom_staging_handle_breakout_confirm,2023-02-02,2023-02-03,2023-02-06,0.564886,25.32,26.65,23.14,26.65,peak_drawdown,2,5.252764612954186,12.875197472353861,-1.7377567140600347,stop_loss,25.3,23.14
cup_v3_handle_breakout_confirm,杯柄 V3 柄部确认突破,603225.SH,新凤鸣,bottom_staging_handle_breakout_confirm,2023-01-16,2023-01-17,2023-01-19,0.506281,11.32,11.69,10.94,11.69,peak_drawdown,3,3.2685512367491176,9.363957597173144,-0.26501766784453595,stop_loss,11.39,10.94
cup_v3_handle_breakout_confirm,杯柄 V3 柄部确认突破,603239.SH,浙江仙通,bottom_staging_handle_breakout_confirm,2025-07-14,2025-07-15,2025-07-18,0.535119,16.34,16.5,15.13,16.5034,profit_lock,4,0.9791921664626724,6.731946144430845,-1.8971848225214138,gap_stop,16.38,15.13
cup_v3_handle_breakout_confirm,杯柄 V3 柄部确认突破,603259.SH,药明康德,bottom_staging_handle_breakout_confirm,2025-07-10,2025-07-11,2025-07-16,0.555459,73.5,78.4342,68.9,78.4342,peak_drawdown,4,6.713197278911576,10.013605442176864,-0.27210884353742193,stop_loss,70.14,68.9
cup_v3_handle_breakout_confirm,杯柄 V3 柄部确认突破,603328.SH,依顿电子,bottom_staging_handle_breakout_confirm,2023-07-13,2023-07-14,2023-07-18,0.577362,8.41,8.18,8.12,8.12,signal_low,3,-2.734839476813322,1.7835909631391145,-2.9726516052318686,trend_exit_ma10,8.42,8.12
cup_v3_handle_breakout_confirm,杯柄 V3 柄部确认突破,603357.SH,设计总院,bottom_staging_handle_breakout_confirm,2023-03-29,2023-03-30,2023-04-06,0.571914,11.41,11.09,10.11,10.11,signal_low,5,-2.8045574057844025,2.1034180543382908,-3.3304119193689807,trend_exit_ma10,11.28,10.11
cup_v3_handle_breakout_confirm,杯柄 V3 柄部确认突破,603515.SH,欧普照明,bottom_staging_handle_breakout_confirm,2023-03-30,2023-03-31,2023-04-11,0.502023,19.68,19.32,18.81,18.81,signal_low,7,-1.8292682926829285,0.3556910569105787,-3.2012195121951192,trend_exit_ma10,19.7,18.81
cup_v3_handle_breakout_confirm,杯柄 V3 柄部确认突破,603600.SH,永艺股份,bottom_staging_handle_breakout_confirm,2024-01-17,2024-01-18,2024-01-22,0.553005,11.55,12.1735,10.81,12.1735,peak_drawdown,3,5.398268398268402,19.567099567099568,-5.108225108225106,stop_loss,11.39,10.81
cup_v3_handle_breakout_confirm,杯柄 V3 柄部确认突破,603602.SH,纵横通信,bottom_staging_handle_breakout_confirm,2023-01-12,2023-01-13,2023-01-17,0.555499,12.52,12.14,11.81,11.81,signal_low,3,-3.0351437699680406,0.31948881789138905,-3.833865814696491,trend_exit_ma10,12.67,11.81
cup_v3_handle_breakout_confirm,杯柄 V3 柄部确认突破,603630.SH,拉芳家化,bottom_staging_handle_breakout_confirm,2023-02-20,2023-02-21,2023-02-23,0.606504,15.58,15.31,15.0,15.0,signal_low,3,-1.7329910141206661,0.5134788189987249,-2.310654685494218,trend_exit_ma10,15.62,15.0
cup_v3_handle_breakout_confirm,杯柄 V3 柄部确认突破,603679.SH,华体科技,bottom_staging_handle_breakout_confirm,2025-07-31,2025-08-01,2025-08-11,0.54439,14.71,16.198999999999998,14.39,16.198999999999998,peak_drawdown,7,10.122365737593464,14.887831407205976,-0.747790618626798,stop_loss,14.71,14.39
cup_v3_handle_breakout_confirm,杯柄 V3 柄部确认突破,603733.SH,仙鹤股份,bottom_staging_handle_breakout_confirm,2024-04-30,2024-05-06,2024-05-08,0.509294,18.31,19.3418,17.37,19.3418,peak_drawdown,3,5.63517203713817,8.902239213544515,0.0,stop_loss,18.19,17.37
cup_v3_handle_breakout_confirm,杯柄 V3 柄部确认突破,603798.SH,康普顿,bottom_staging_handle_breakout_confirm,2025-07-10,2025-07-11,2025-07-18,0.549058,11.2,12.28,10.7,12.28,peak_drawdown,6,9.642857142857153,16.69642857142859,-2.678571428571419,stop_loss,11.2,10.7
cup_v3_handle_breakout_confirm,杯柄 V3 柄部确认突破,603867.SH,新化股份,bottom_staging_handle_breakout_confirm,2023-01-13,2023-01-16,2023-01-17,0.499695,34.73,34.01,33.0,33.0,signal_low,2,-2.0731356176216464,1.2957097610135415,-2.3610711200691026,trend_exit_ma10,34.56,33.0
cup_v3_handle_breakout_confirm,杯柄 V3 柄部确认突破,603898.SH,好莱客,bottom_staging_handle_breakout_confirm,2023-02-13,2023-02-14,2023-02-17,0.530749,12.73,12.48,12.13,12.13,signal_low,4,-1.963864886095834,4.320502749410826,-2.120974076983495,trend_exit_ma10,12.72,12.13
cup_v3_handle_breakout_confirm,杯柄 V3 柄部确认突破,603966.SH,法兰泰克,bottom_staging_handle_breakout_confirm,2022-07-26,2022-07-27,2022-08-01,0.5481,11.08,11.989199999999999,10.22,11.989199999999999,peak_drawdown,4,8.205776173285194,14.530685920577602,-0.5415162454873723,stop_loss,11.06,10.22
cup_v3_handle_breakout_confirm,杯柄 V3 柄部确认突破,603976.SH,正川股份,bottom_staging_handle_breakout_confirm,2025-07-02,2025-07-03,2025-07-09,0.570269,18.4,20.19,17.8,20.3,peak_drawdown,5,9.728260869565242,21.35869565217392,-0.8152173913043348,gap_stop,18.42,17.8
cup_v3_handle_breakout_confirm,杯柄 V3 柄部确认突破,603979.SH,金诚信,bottom_staging_handle_breakout_confirm,2024-02-05,2024-02-06,2024-02-08,0.589622,39.17,41.3705,37.21,41.3705,peak_drawdown,3,5.617819760020426,13.454174112841443,-1.404135818228247,stop_loss,39.2,37.21
cup_v3_handle_breakout_confirm,杯柄 V3 柄部确认突破,603998.SH,方盛制药,bottom_staging_handle_breakout_confirm,2025-08-22,2025-08-25,2025-08-26,0.543291,12.31,12.433100000000001,11.0,12.433100000000001,profit_lock,2,1.0000000000000009,5.442729488220954,-2.4370430544273014,stop_loss,12.16,11.0
cup_v3_handle_breakout_confirm,杯柄 V3 柄部确认突破,605098.SH,行动教育,bottom_staging_handle_breakout_confirm,2023-07-12,2023-07-13,2023-07-21,0.528228,39.87,43.47,37.39,43.67,peak_drawdown,7,9.029345372460496,14.321545021319281,-3.160270880361171,gap_stop,39.85,37.39
cup_v3_handle_breakout_confirm,杯柄 V3 柄部确认突破,605098.SH,行动教育,bottom_staging_handle_breakout_confirm,2026-01-05,2026-01-06,2026-01-19,0.635557,42.25,47.336,41.12,47.336,peak_drawdown,10,12.037869822485202,16.92307692307693,-1.1124260355029558,stop_loss,42.28,41.12
cup_v3_handle_breakout_confirm,杯柄 V3 柄部确认突破,605118.SH,力鼎光电,bottom_staging_handle_breakout_confirm,2023-04-10,2023-04-11,2023-04-11,0.618906,14.66,14.39,14.27,14.27,signal_low,1,-1.8417462482946734,0.4774897680764001,-2.3874488403819893,trend_exit_ma10,14.69,14.27
cup_v3_handle_breakout_confirm,杯柄 V3 柄部确认突破,605268.SH,王力安防,bottom_staging_handle_breakout_confirm,2023-08-18,2023-08-21,2023-08-21,0.548484,10.71,10.34,10.34,10.34,signal_low,1,-3.4547152194211117,0.7469654528477809,-3.9215686274509998,stop_loss,10.71,10.34
cup_v3_handle_breakout_confirm,杯柄 V3 柄部确认突破,605299.SH,舒华体育,bottom_staging_handle_breakout_confirm,2022-12-26,2022-12-27,2022-12-28,0.54957,11.58,11.61,10.58,11.85,peak_drawdown,2,0.2590673575129543,8.54922279792747,-3.1088082901554404,gap_stop,11.62,10.58
cup_v3_handle_breakout_confirm,杯柄 V3 柄部确认突破,605368.SH,蓝天燃气,bottom_staging_handle_breakout_confirm,2024-01-26,2024-01-29,2024-02-01,0.524606,11.52,11.23,11.23,11.23,signal_low,4,-2.517361111111105,2.604166666666674,-4.079861111111105,stop_loss,11.6,11.23
cup_v3_handle_breakout_confirm,杯柄 V3 柄部确认突破,688009.SH,中国通号,bottom_staging_handle_breakout_confirm,2023-04-17,2023-04-18,2023-04-24,0.540172,5.83,6.56,5.48,6.56,peak_drawdown,5,12.521440823327602,16.981132075471695,-1.3722126929674117,stop_loss,5.85,5.48
cup_v3_handle_breakout_confirm,杯柄 V3 柄部确认突破,688016.SH,心脉医疗,bottom_staging_handle_breakout_confirm,2023-11-06,2023-11-07,2023-11-15,0.518958,197.8,199.77800000000002,190.2,199.77800000000002,profit_lock,7,1.0000000000000009,5.955510616784632,-3.4327603640040505,stop_loss,198.18,190.2
cup_v3_handle_breakout_confirm,杯柄 V3 柄部确认突破,688061.SH,灿瑞科技,bottom_staging_handle_breakout_confirm,2025-09-25,2025-09-26,2025-10-10,0.546339,37.58,36.32,34.88,34.88,signal_low,5,-3.3528472591804137,3.5125066524747117,-3.6721660457690097,trend_exit_ma10,37.76,34.88
cup_v3_handle_breakout_confirm,杯柄 V3 柄部确认突破,688169.SH,石头科技,bottom_staging_handle_breakout_confirm,2024-04-11,2024-04-12,2024-04-19,0.525955,354.06,373.2,326.66,374.2745,peak_drawdown,6,5.405863412980838,8.978704174433716,-2.5588883240128757,gap_stop,354.0,326.66
cup_v3_handle_breakout_confirm,杯柄 V3 柄部确认突破,688171.SH,纬德信息,bottom_staging_handle_breakout_confirm,2023-03-17,2023-03-20,2023-03-28,0.584084,23.67,23.9067,22.73,23.9067,profit_lock,7,1.0000000000000009,5.1119560625263905,-3.7600337980566167,stop_loss,23.67,22.73
cup_v3_handle_breakout_confirm,杯柄 V3 柄部确认突破,688188.SH,柏楚电子,bottom_staging_handle_breakout_confirm,2024-02-19,2024-02-20,2024-02-23,0.507064,275.46,266.44,241.51,241.51,signal_low,4,-3.2745226167138486,2.969578160168451,-3.43425542728526,trend_exit_ma10,276.8,241.51
cup_v3_handle_breakout_confirm,杯柄 V3 柄部确认突破,688189.SH,南新制药,bottom_staging_handle_breakout_confirm,2025-07-16,2025-07-17,2025-07-18,0.573271,9.88,10.53,7.83,10.53,peak_drawdown,2,6.57894736842104,12.34817813765181,0.0,stop_loss,9.77,7.83
cup_v3_handle_breakout_confirm,杯柄 V3 柄部确认突破,688216.SH,气派科技,bottom_staging_handle_breakout_confirm,2023-03-17,2023-03-20,2023-03-27,0.464189,31.89,30.89,29.09,29.09,signal_low,6,-3.135779241141423,3.4179993728441493,-4.358733145186577,trend_exit_ma10,31.75,29.09
cup_v3_handle_breakout_confirm,杯柄 V3 柄部确认突破,688550.SH,瑞联新材,bottom_staging_handle_breakout_confirm,2025-09-22,2025-09-23,2025-09-25,0.509624,49.21,51.8562,44.81,51.8562,peak_drawdown,3,5.377362324730739,8.636456004877058,-2.296281243649667,stop_loss,49.54,44.81
cup_v3_handle_breakout_confirm,杯柄 V3 柄部确认突破,688589.SH,力合微,bottom_staging_handle_breakout_confirm,2023-03-23,2023-03-24,2023-03-27,0.522202,43.48,42.13,40.63,40.63,signal_low,2,-3.1048758049677883,1.126954921803125,-4.553817847286101,trend_exit_ma10,43.91,40.63
